flight_number,departure_airport,arrival_airport,departure_date,departure_time,arrival_date,arrival_time,duration,airline,price
9210,JZH,SKC,3/16/2022,12:10 PM,9/23/2021,12:51 AM,6.84,Air France,68.02
1845,BNT,BMF,8/4/2022,12:21 AM,10/25/2021,1:22 AM,6.12,Delta,279.96
8694,EIN,TGZ,6/11/2021,11:54 PM,8/26/2022,9:36 AM,16.66,Delta,614.39
2167,,NNL,11/7/2021,,8/24/2021,6:34 PM,12.01,Southwest,735.86
2779,KNG,DRR,7/3/2022,,6/6/2021,3:17 PM,22.04,Southwest,881.59
3189,CLM,KAO,5/25/2022,12:15 AM,,11:23 PM,6.96,American,835.73
7877,KRU,DRE,6/15/2021,2:49 AM,8/10/2021,4:22 AM,22.34,American,876.74
3181,YOY,,4/5/2022,7:43 AM,9/8/2022,12:50 AM,10.53,United,861.09
2193,DQA,NQU,1/17/2021,5:17 AM,11/12/2022,6:03 AM,19.57,American,811.75
8963,WAD,KIK,,4:04 AM,8/9/2022,,16.15,Lufthansa,121.37
8430,TSB,CMK,8/31/2021,7:17 PM,2/19/2021,4:26 PM,3.26,Delta,148.72
2404,HZH,ADF,4/20/2022,1:18 AM,5/12/2022,7:30 PM,11.66,JetBlue,334.78
5335,EWY,XGG,11/7/2022,5:02 AM,8/9/2022,11:17 PM,21.69,British Airways,867.13
4216,SKF,PNU,1/28/2022,,4/6/2021,1:33 PM,18.53,Lufthansa,437.8
9940,WAW,KUX,,3:38 AM,11/11/2022,9:31 AM,19.84,Lufthansa,108.66
8125,CQA,SBM,9/6/2021,2:00 PM,4/13/2022,5:24 PM,6.73,Delta,271.01
1441,TSW,DEM,1/23/2022,,8/4/2022,12:25 AM,2.31,Lufthansa,462.78
6907,SZA,CIL,7/10/2022,,11/17/2021,12:38 AM,6.69,Qatar Airways,186.34
2254,KKK,0,5/9/2021,7:59 PM,2/2/2022,6:36 PM,13.39,Air France,681.01
3237,TWY,FUG,7/13/2022,12:50 AM,2/5/2021,5:20 AM,21.84,Southwest,506.33
5890,SBF,STQ,8/26/2022,,4/13/2021,7:53 AM,4.4,Air France,342.0
7030,BKO,QUO,7/21/2022,8:34 PM,10/4/2022,9:38 AM,14.95,Qatar Airways,787.91
3185,MMT,SID,10/23/2022,6:53 PM,9/9/2021,12:03 PM,12.42,American,
4474,ABV,LHK,3/1/2022,8:47 AM,4/3/2022,4:17 AM,20.33,American,746.35
1060,KHE,SXB,12/24/2022,11:40 PM,8/7/2021,5:10 AM,3.34,American,
5673,NH Z,YSH,8/29/2021,12:13 AM,10/31/2022,6:34 AM,7.94,United,921.87
5373,KHV,ISL,10/29/2022,2:34 PM,4/8/2022,3:44 PM,,Air France,529.98
6796,JIO,KBH,9/14/2022,,1/11/2022,1:54 AM,10.59,Southwest,534.35
6487,,SAW,10/30/2021,2:21 AM,11/12/2022,2:48 AM,19.06,Lufthansa,838.71
5267,PON,XBJ,11/24/2022,6:26 PM,3/24/2021,12:57 PM,23.27,Lufthansa,439.51
7439,TPI,QCP,2/21/2021,9:56 PM,9/30/2021,10:20 PM,18.8,Emirates,231.66
1031,DVL,PMX,10/25/2022,9:56 AM,9/26/2021,6:37 PM,11.32,United,212.67
1452,KWH,JNG,7/14/2021,3:28 PM,7/31/2021,1:21 AM,6.3,Emirates,243.83
9206,AOO,YCB,7/18/2022,3:56 PM,2/5/2022,2:48 AM,,American,732.92
5484,AIF,TKA,9/12/2022,7:45 AM,1/17/2022,2:08 AM,13.1,Delta,956.7
8996,NHF,,2/28/2021,10:00 PM,12/7/2022,10:22 PM,7.03,United,583.98
7579,LWM,IMO,1/19/2022,2:18 AM,12/13/2021,3:57 AM,15.19,Southwest,446.05
2240,PPP,POA,11/12/2021,4:05 PM,3/1/2022,12:50 AM,13.53,,737.0
7091,AAY,SSL,1/18/2022,8:38 AM,7/7/2021,3:40 PM,17.9,British Airways,316.45
6640,BZX,EJT,2/17/2022,11:29 PM,11/3/2022,4:25 PM,21.8,Lufthansa,884.21
3441,EPR,GTA,3/15/2022,1:26 AM,3/1/2022,4:13 PM,12.15,Qatar Airways,441.22
6692,MNH,OGX,8/11/2022,,8/6/2021,11:39 PM,18.08,United,508.41
4226,UAE,GUP,11/13/2021,2:45 PM,5/18/2021,5:29 AM,15.5,British Airways,870.2
3670,,PSS,12/21/2022,1:24 PM,8/12/2022,1:41 AM,18.27,American,745.77
3394,,MUC,1/21/2022,9:14 AM,8/31/2022,10:21 PM,8.04,American,271.44
8650,REE,EMP,3/14/2021,5:07 PM,2/24/2021,6:05 AM,19.84,British Airways,699.46
7476,,,7/28/2022,3:39 AM,2/13/2022,2:02 AM,23.19,Qatar Airways,467.86
9475,,TLT,1/3/2022,6:22 AM,9/22/2022,3:49 AM,10.33,British Airways,529.79
8543,MIM,ARS,5/2/2022,3:55 AM,7/31/2022,6:26 AM,20.1,Lufthansa,62.2
7543,YXK,TTI,7/16/2022,5:46 PM,1/18/2022,10:54 AM,12.5,United,119.75
8069,,MHY,1/17/2021,9:17 AM,11/14/2021,5:20 PM,12.58,United,630.22
3060,GGG,,6/6/2022,8:10 PM,5/23/2021,6:18 AM,14.34,JetBlue,
6146,AYT,DAR,3/7/2022,3:34 PM,5/22/2022,1:41 AM,22.27,Southwest,319.67
8373,BCV,YCH,12/27/2022,8:59 AM,8/23/2021,12:42 PM,,American,81.68
6498,SBV,M UI,11/28/2021,5:16 PM,5/13/2022,11:46 AM,22.15,Delta,862.68
9363,VIH,LIW,6/8/2022,6:25 AM,5/5/2021,7:34 PM,15.98,Emirates,229.76
9995,ZMM,FSS,1/18/2021,5:42 AM,10/16/2022,9:24 PM,19.99,Delta,
8272,SLI,SJA,7/29/2022,9:08 AM,11/26/2022,8:44 AM,2.04,Southwest,866.14
1981,MFA,ORD,6/29/2022,1:45 PM,1/26/2021,2:19 AM,21.07,British Airways,858.01
9197,GDO,0,7/27/2022,8:36 AM,6/19/2022,12:16 PM,12.6,Lufthansa,437.47
8310,MQV,REA,4/4/2021,7:44 AM,6/2/2021,10:25 PM,18.72,Qatar Airways,481.4
2622,JOG,KIF,4/19/2021,11:19 PM,5/1/2022,9:12 PM,6.84,JetBlue,481.93
4571,ZKG,MRS,10/10/2022,11:36 AM,12/25/2022,8:22 AM,7.39,Lufthansa,553.32
3788,UGB,OSC,12/21/2022,10:32 PM,5/11/2021,12:20 PM,21.83,Delta,
6835,TMB,NFG,10/7/2021,6:22 AM,4/9/2021,2:31 AM,12.75,United,338.2
3261,KBJ,MTZ,10/1/2022,2:43 AM,10/6/2021,4:56 AM,7.77,British Airways,198.15
1093,MOH,HLG,9/28/2021,10:43 PM,10/26/2021,3:36 PM,19.72,Emirates,76.88
3322,DMM,,11/2/2021,3:21 PM,8/4/2022,2:39 PM,1.86,Delta,249.16
1896,GLW,SRW,,,7/17/2022,6:18 PM,22.84,Lufthansa,283.36
5018,WAQ,HIF,12/24/2021,5:24 PM,3/5/2022,11:52 AM,5.03,Southwest,289.16
7178,BAN,CGA,12/21/2021,2:00 AM,5/31/2021,6:42 PM,21.96,United,393.37
1543,KTB,FNC,9/10/2021,10:28 AM,12/28/2022,1:50 AM,6.76,Delta,241.18
4417,IVH,GDM,11/17/2021,2:45 AM,9/2/2021,3:13 AM,22.31,JetBlue,853.97
1643,LVM,FOA,8/22/2021,8:25 AM,2/4/2021,12:31 PM,10.8,Qatar Airways,196.13
5807,HII,EHM,11/8/2022,11:33 PM,6/21/2021,3:53 AM,22.16,United,910.93
6445,,LLL,6/10/2021,8:35 PM,9/4/2021,5:42 AM,8.07,JetBlue,604.43
8305,GKN,MJB,10/19/2021,12:36 AM,4/20/2022,2:05 AM,21.3,Delta,597.88
8715,MSB,,4/5/2021,7:43 AM,12/3/2021,3:18 PM,17.9,Southwest,101.69
6688,TCA,ELU,6/10/2022,4:41 AM,1/14/2022,12:36 PM,4.89,,100.54
3274,KDU,LWR,10/12/2022,8:19 AM,8/5/2021,7:24 AM,15.19,United,891.19
4103,YBH,MDC,7/16/2022,10:11 AM,3/27/2022,4:22 AM,7.07,United,180.18
4695,SAR,MEB,10/29/2021,5:43 AM,11/13/2022,9:15 PM,20.71,Emirates,324.46
6911,BSS,TDA,12/27/2021,6:46 PM,6/5/2021,5:46 PM,22.79,Qatar Airways,218.74
1034,DCM,PTZ,1/21/2022,11:22 AM,9/8/2021,,17.99,Lufthansa,529.3
1818,KEB,VUP,10/26/2022,8:51 PM,3/25/2022,10:43 PM,11.07,Air France,330.83
1710,LNZ,GRC,2/13/2021,11:15 AM,8/18/2021,2:52 PM,13.11,Air France,499.99
3608,VTB,MOA,4/14/2021,6:36 AM,4/4/2021,9:09 AM,21.61,JetBlue,797.16
3045,LAY,GGO,1/5/2021,1:14 AM,10/23/2022,9:50 PM,20.74,Air France,191.5
8212,ANK,TPU,11/7/2021,11:52 PM,5/9/2021,9:44 PM,11.19,Delta,978.94
4067,KNZ,WWP,11/30/2022,,7/4/2021,2:49 AM,13.7,Southwest,553.22
4171,APQ,IMM,11/22/2022,11:09 AM,1/6/2021,8:34 AM,10.51,JetBlue,955.53
8764,WZQ,LCY,8/4/2021,6:08 AM,12/9/2021,1:38 AM,3.64,Air France,511.15
1101,GFA,DBA,10/7/2021,2:22 AM,,7:35 PM,21.48,Air France,538.58
8557,FUE,,,4:21 PM,3/6/2021,5:26 PM,17.44,Emirates,
4952,YPG,VDA,10/2/2021,10:19 AM,8/22/2021,4:31 PM,3.62,British Airways,318.68
2060,LNA,UUS,1/4/2022,12:33 AM,9/1/2022,4-02 PM,4.38,United,166.32
1335,QXH,ELY,1/11/2021,5:57 AM,12/2/2022,10:50 PM,1.11,,333.68
9053,AIZ,,7/28/2021,2:33 PM,11/5/2022,7:13 PM,15.84,Delta,943.41
6649,BIX,JEE,7/23/2022,11:05 AM,3/28/2021,11:08 PM,4.02,Southwest,132.76
6456,BSV,YSK,6/4/2021,2:32 PM,1/4/2022,7:32 AM,16.91,Air France,300.7
7231,MEO,DEF,12/1/2021,12:11 AM,8/19/2021,6:16 AM,20.6,Air France,770.69
5169,GMN,DCI,12/2/2021,4:13 AM,11/8/2021,7:05 AM,2.25,Southwest,803.91
6303,PKK,YTX,7/20/2021,5:14 PM,6/29/2021,4:20 AM,10.24,United,
6564,TRE,RSL,5/20/2021,2:28 PM,6/28/2021,7:23 PM,7.37,British Airways,113.68
6575,ULB,CGR,11/15/2021,11:09 AM,7/25/2022,7:51 AM,16.77,Lufthansa,125.42
7042,BCD,LSP,7/3/2021,11:04 PM,4/30/2022,3:23 PM,1.61,Air France,868.47
2824,CUZ,GGC,2/16/2021,7:02 AM,11/14/2022,1:30 AM,9.07,Southwest,301.79
4354,KOT,GUE,10/21 /2022,6:17 PM,7/8/2022,3:03 AM,6.44,Delta,384.15
9467,,PJA,11/17/2021,1:50 AM,5/16/2022,2:31 AM,2.13,Delta,73.58
9756,CYA,OBY,10/24/2022,2:22 AM,8/16/2022,9:10 PM,,Lufthansa,625.62
4958,YDP,ADH,12/13/2022,10:53 AM,5/28/2022,12:34 AM,20.74,Southwest,412.07
3475,BGH,LZY,1/25/2021,7:49 PM,8/11/2022,1:23 PM,22.8,Southwest,872.36
5020,NTG,MWR,8/21/2022,11:54 AM,1/2/2021,2:07 PM,14.7,Southwest,970.18
9418,KJH,FLO,10/23/2021,8:09 AM,6/14/2022,12:11 PM,19.09,Air France,372.17
1402,ACP,BNP,1/15/2021,,5/3/2021,5:30 PM,8.61,Air France,251.91
2106,KON,BCO,5/15/2021,11:41 AM,4/30/2021,12:49 AM,16.17,United,831.25
8133,LHA,GRC,10/18/2021,4:52 AM,1/23/2022,8:49 PM,3.64,JetBlue,990.93
8423,WNA,YVE,9/13/2022,10:27 AM,3/31/2022,10:37 PM,3.97,Southwest,583.92
9836,LMB,PVC,12/21/2022,5:07 PM,6/20/2021,3:55 PM,2.6,Lufthansa,745.45
,BWN,ANE,12/20/2022,11:46 PM,11/1/2021,2:29 PM,11.35,British Airways,596.45
1400,YVA,TMG,12/23/2022,3:42 PM,5/9/2022,8:51 AM,3.42,Lufthansa,187.43
6148,,GES,8/21/2021,5:57 AM,10/5/2022,10:44 PM,3.38,JetBlue,757.36
4316,KOQ,SHL,10/7/2021,7:58 PM,7/31/2022,6:49 AM,6.16,Qatar Airways,321.52
4502,NRS,OGZ,3/8/2021,11:40 PM,8/17/2021,10:29 PM,22.86,British Airways,706.51
9281,MCK,ARU,9/4/2022,2:16 AM,4/28/2021,12:00 PM,17.99,American,354.48
4178,EVN,PIO,5/14/2022,7:04 PM,4/15/2021,5:02 AM,,Emirates,671.08
1281,ERB,DUN,4/25/2021,,5/29/2022,8:29 AM,6.25,British Airways,869.56
1259,TCD,,9/27\2022,6:20 AM,6/3/2022,12:29 PM,23.32,Delta,597.74
8312,YVA,CXC,11/30/2022,4:13 PM,5/8/2022,7:55 PM,6.32,Southwest,879.62
3833,AMY,IMQ,10/24/2021,12:34 AM,10/31/2021,,17.7,British Airways,812.38
3842,OAM,KDL,9/4/2021,4:19 PM,6/14/2021,3:26 PM,13.56,Southwest,704.43
6104,LKW,SYW,12/3/2022,11:08 PM,7/3/2022,3:45 PM,17.84,British Airways,503.08
5067,KHT,KRZ,5/4/2021,10:24 AM,6/13/2022,6:26 AM,3.41,Lufthansa,738.9
3996,YRQ,PWD,9/11/2022,5:57 PM,12/25/2021,,6.4,Emirates,
7110,ARJ,GWV,6/12/2021,7:07 AM,5/23/2022,8:37 AM,8.87,Delta,287.69
1740,AOU,PSM,1/20/2022,2:14 AM,10/10/2021,1:45 AM,1.5,Emirates,276.51
1399,TGM,PVG,1/27/2022,8:40 PM,2/8/2021,12:11 PM,14.07,Air France,
7825,SZJ,AUS,11/23/2022,5:51 AM,2/9/2021,2:24 PM,10.56,Air France,923.39
5316,FLF,SXV,12/13/2022,9:19 PM,4/7/2022,1:41 PM,6.71,American,580.37
6863,CSE,ANJ,4/14/2021,6:23 AM,2/14/2021,5:44 PM,11.97,Lufthansa,839.86
6230,JIL,THC,2/16/2021,1:32 PM,4/19/2021,12:22 AM,13.66,Delta,492.62
5188,LMC,MQX,8/6/2021,11:59 AM,9/5/2021,8:41 AM,3.76,Southwest,531.46
4709,GQQ,OST,10/15/2021,6:57 PM,9/19/2021,6:07 AM,9.65,Southwest,566.99
8180,PHB,YZF,1/1/2022,1:34 PM,10/18/2021,2:24 PM,20.58,Delta,563.06
5422,CVM,KYZ,7/19/2022,12:21 PM,4/3/2021,6:18 PM,3.69,Delta,50.2
5188,AKL,HLN,9/9/2021,9:19 PM,9/20/2021,,13.08,United,873.98
3089,TSN,HIJ,6/14/2022,10:27 PM,2/22/2022,10:31 PM,12.21,Air France,390.95
4026,LKW,YZA,12/20/2021,12:15 PM,12/5/2021,6:24 AM,10.96,United,247.84
1436,QLP,WPA,9/25/2022,11:36 AM,12/5/2022,11:57 PM,6.21,British Airways,371.8
86_69,MFZ,YOD,9/13/2021,1:34 PM,10/11/2022,5:27 PM,6.54,Southwest,474.66
7992,KSP,PTF,11/7/2021,,9/24/2021,8:23 PM,,United,148.61
3907,GAN,SBY,,1:31 AM,5/17/2021,11:10 AM,2.73,American,673.17
8384,MJJ,SCH,3/28/2022,,10/6/2021,5:38 PM,4.14,Air France,229.7
2168,NYT,RMD,9/16/2022,5:13 PM,9/5/2021,1:09 PM,19.94,,79.33
9898,SHG,SHQ,12/14/2021,8:25 PM,10/4/2022,6:21 AM,15.36,Qatar Airways,271.84
,MAI,LPB,9/20/2021,9:00 PM,6-24-2022,4 16 AM,9.74,Air France,184.03
4130,GUR,JAF,4/23/2021,1:43 AM,,8:04 AM,19.07,JetBlue,178.84
9233,JNS,AAM,8/12/2021,5:30 AM,5/31/2021,7:08 AM,1.81,American,777.8
3347,PBU,AZZ,3/22/2022,10:13 AM,10/4/2022,8:37 PM,9.98,Qatar Airways,234.54
4454,ACK,IVI,10/31/2022,5:01 AM,1/10/2021,7:34 AM,7.41,Southwest,246.23
5076,DNH,DEB,5/15/2021,6:14 PM,6/15/2021,12-46 PM,7.06,Southwest,840.79
2442,CLV,ZTR,11/19/2022,12:39 AM,4/1/2022,8:13 AM,10.24,Delta,542.36
8373,MKV,BVY,11/14/2022,10:07 AM,,11:53 PM,17.15,Delta,744.46
2941,APY,EKI,,1:23 AM,3/18/2022,,10.54,Lufthansa,
8914,MSQ,JMS,7/12/2022,4:52 PM,3/22/2022,4:45 AM,19.31,Air France,401.06
4754,,BQB,4/3/2021,11:41 PM,8/26/2022,10:38 PM,8.28,Delta,666.71
3644,KKK,JCK,2/16/2022,1:20 PM,9/18/2022,8:25 AM,14.65,Lufthansa,730.11
3109,HIS,DYR,9/5/2021,10:59 AM,8/17/2021,6:05 AM,7.49,American,152.83
2436,TNG,KPM,2/16/2022,,6/8/2021,8:04 AM,5.94,Southwest,216.93
9528,ADE,LSN,12/10/2022,2:01 AM,3/21/2022,9:07 AM,12.12,Southwest,349.55
2172,RKS,UCT,5/6/2021,12:46 PM,6/23/2021,2:38 AM,8.13,Lufthansa,
1700,SQY,,7/19/2021,4:31 AM,9/11/2021,8:43 AM,1.18,American,383.92
9171,QRC,OMA,6/2/2021,5:22 PM,1/27/2021,12:41 AM,12.49,American,316.79
4327,ULP,BNC,2/5/2021,8:47 PM,11/19/2021,5:44 PM,3.29,Emirates,625.72
9636,YIV,BRK,9/25/2021,9:34 PM,3/10/2021,1:35 PM,5.81,American,284.7
4911,FFD,LPF,7/23/2022,4:51 PM,7/13/2022,8:32 AM,18.87,Southwest,965.83
8791,PSP,BAT,3/17/2022,1:01 PM,10/25/2022,10:40 PM,14.33,JetBlue,207.05
5762,BFW,JBR,8/19/2021,5:02 AM,3/25/2022,1:21 PM,11.62,Air France,785.86
5901,EAT,QLR,1/10/2021,10:24 PM,2/22/2022,12:33 AM,6.7,Air France,875.02
7751,PYM,PUV,8/26/2022,6:35 PM,12/28/2022,,2.03,Qatar Airways,254.0
7557,OKB,LKH,3/22/2021,1:04 PM,9/18/2022,2:32 AM,16.33,JetBlue,524.19
5573,TPP,ZIS,1/1/2022,12:53 AM,10/11/2022,7:01 AM,15.69,Delta,
9885,BBY,WAQ,8/30/2022,8:45 AM,3/10/2022,12:29 AM,1.5,Southwest,93.62
2386,GFN,IDR,6/11/2021,7:03 AM,12/16/2022,12:42 AM,9.55,British Airways,
3341,PRW,DVP,5/30/2022,,4/18/2022,11:50 PM,12.41,Southwest,747.08
5404,END,MYI,7/2/2021,12:17 PM,5/30/2022,9:16 AM,14.8,Southwest,669.75
5516,LAE,SDD,6/16/2021,4:19 AM,3/29/2022,10:41 PM,20.48,Air France,872.93
5587,ZCO,RBB,10/29/2021,3:22 AM,11/12/2022,2:50 AM,2.72,JetBlue,942.55
8754,SJC,FYM,3/9/2021,5:33 AM,8/1/2022,10:39 AM,23.3,Lufthansa,885.29
5619,ANN,REZ,3/15/2022,10:15 PM,1/12/2022,9:30 PM,23.85,United,198.56
9567,MMM,BXJ,10/12/2021,6:27 PM,6/29/2022,8:53 PM,12.09,,533.62
4875,ESL,WMB,1/30/2021,10:57 PM,10/9/2022,5:50 PM,,United,462.66
8763,RHI,UBI,,5:03 PM,5/21/2021,4:45 PM,22.43,Air France,542.37
4799,HVA,,10/9/2022,8:06 PM,3/1/2022,7:26 AM,8.24,Southwest,617.23
2760,CUQ,BDQ,2/10/2022,10:05 AM,12/17/2022,11:07 PM,3.53,Qatar Airways,524.09
4130,EBD,AUC,9/12/2022,5:09 AM,,12:26 PM,8.92,Delta,706.36
9919,DWH,GUF,3/25/2022,2:20 PM,2/7/2022,6:18 AM,14.79,Air France,653.07
2023,CUC,LVI,1/22/2022,3:40 AM,6/1/2022,9:56 PM,17.77,American,805.01
6174,GBV,VHN,5/17/2021,12:59 PM,5/26/2021,,23.99,Emirates,907.83
9190,0,BNS,5/29/2022,4:46 PM,4/30/2021,6:26 AM,15.89,Lufthansa,167.42
,WLS,TNC,4/13/2021,3:00 PM,10/22/2021,4:28 PM,22.47,Air France,204.43
9405,BDI,SUT,9/13/2022,5:02 AM,2/14/2022,12:35 AM,2.05,American,81.03
8649,ZWL,RTA,10/30/2021,6:03 AM,,2:41 PM,18.94,Air France,74.77
3881,TOI,PRR,,12:41 AM,8/2/2021,6:22 PM,3.28,United,612.3
3118,IXQ,MXJ,,11:20 AM,2/9/2022,5:16 PM,15.22,United,765.46
6748,GSS,SEP,4/27/2022,2:45 AM,3/15/2022,9:31 PM,14.49,Air France,266.03
8660,BIS,DQH,4/11/2022,11:53 PM,8/18/2021,12:12 PM,18.81,Lufthansa,438.74
1463,SOF,THK,12/17/2021,12:51 AM,7/13/2021,2:26 PM,8.75,Qatar Airways,737.71
6986,DIA,TTE,3/7/2021,10:33 PM,1/5/2022,11:04 AM,13.52,Air France,
5163,MYD,YAB,,5:43 PM,7/3/2021,4:37 AM,8.02,United,301.65
1893,TCQ,VLE,11/7/2021,3:27 PM,10/22/2022,8:16 PM,8.4,Qatar Airways,342.19
3042,LSV,MTZ,11/14/2022,5:30 PM,9/23/2021,3:56 PM,5.13,British Airways,351.04
1883,AOT,EGH,1/21/2022,11.13,5/30/2021,7:53 AM,,American,979.87
1655,YMO,YAC,,8:23 PM,12/22/2022,10:31 AM,20.84,Qatar Airways,
5022,VOZ,OKE,9/25/2022,12:27 PM,5/21/2021,3:58 AM,6.47,Delta,248.51
1645,MJD,EGA,,2:40 PM,4/17/2021,1:52 AM,22.71,Delta,798.59
5517,UST,HUX,1/27/2021,11:47 PM,9/19/2022,11:35 PM,12.53,Qatar Airways,648.67
4087,AEU,LWV,2/13/2022,5:56 AM,5/25/2021,10:18 PM,7.94,Lufthansa,842.01
4838,AUX,MDA,9/17/2022,,5/20/2022,4:18 PM,11.33,Air France,337.24
3913,AOL,SRD,8/25/2021,6:07 AM,6/22/2021,9:24 PM,20.03,United,159.39
4742,UKR,DDN,2/5/2022,7:18 AM,10/2/2022,12:57 PM,16.19,American,552.96
9177,WEA,KUM,4/23/2021,4:28 AM,6/13/2022,,,JetBlue,195.72
9351,ROD,ROI,4/11/2021,1:24 PM,4/19/2021,9:06 AM,17.93,Lufthansa,350.69
9291,CGK,YIF,8/8/2021,11:58 PM,1/6/2022,8:56 AM,18.85,Emirates,600.62
,,IVR,2/27/2022,4:41 AM,4/18/2022,5:21 PM,3.02,Lufthansa,644.51
3572,JOP,JDP,2/20/2022,11:29 PM,4/26/2022,5:49 AM,4.76,Air France,262.56
5043,WSY,BDP,5/28/2022,11:15 AM,8/26/2022,11:41 PM,14.89,Lufthansa,593.34
2470,LBE,SMW,4/20/2022,12:27 AM,12/22/2021,1:53 AM,21.45,JetBlue,438.01
7321,YQT,LNK,,8:42 PM,11/17/2021,2:10 PM,23.13,JetBlue,549.24
4084,PKC,CPO,8/8/2022,1:12 PM,8/22/2021,3:05 PM,23.49,United,
7398,IWJ,DON,4/28/2022,3:46 PM,12/3/2021,4:23 PM,1.33,British Airways,596.21
4088,JSM,CHG,5/12/2022,10:18 AM,7/4/2021,5:57 AM,10.26,American,977.73
4576,LSS,MBJ,4/29/2021,7:07 PM,9/23/2022,8:26 AM,15.86,Delta,371.21
2269,LBB,EDI,5/26/2021,3:27 AM,4/8/2022,4:30 AM,8.68,Qatar Airways,517.39
1033,CXC,VVB,8/19/2021,,3/10/2021,1:18 PM,4.39,Lufthansa,800.39
7274,CFG,0,12/22/2021,12:02 AM,11/23/2021,1:12 PM,10.15,American,912.48
6796,BYA,HBH,5/30/2022,2:59 AM,11/5/2021,1:12 AM,21.39,JetBlue,652.75
9415,DZI,GFY,6/22/2022,,5/17/2022,9:02 PM,16.22,United,749.78
7603,0,DRS,4/1/2021,3:49 AM,1/19/2021,2:26 AM,3.74,JetBlue,753.91
4741,MJR,IFP,4/19/2021,7:15 AM,9/12/2021,1:47 AM,7.42,British Airways,977.18
2365,ROH,KHU,6/3/2021,11:11 PM,1/26/2022,8:27 PM,8.01,Emirates,815.38
9208,UNT,YQY,7/30/2022,1:24 PM,3/4/2021,11:26 PM,4.91,Lufthansa,629.32
2136,KMK,CKV,10/30/2022,8:38 AM,3/29/2021,6:09 PM,14.15,Air France,904.55
4621,,OTJ,2/21/2022,11:27 AM,2/21/2021,3:54 PM,5.91,Southwest,612.06
9138,SJX,TJV,12/27/2022,4:30 PM,2/28/2022,6:04 PM,1.99,Southwest,66.69
5565,FSK,SLH,7/20/2021,1:15 PM,3/18/2021,5:32 AM,1.76,Southwest,636.47
,KLU,KSE,4/10/2021,1:14 PM,3/16/2021,11:26 AM,8.46,United,844.08
1388,VOT,PPR,11/4/2021,9:51 PM,9/7/2021,6:27 PM,5.56,Air France,777.51
1329,SPF,RNS,4/11/2021,3:45 PM,10/10/2021,,,Delta,989.68
3295,ASV,GIB,4/9/2022,8:47 AM,9/10/2021,6:31 AM,20.8,Air France,680.66
9368,GRR,UBT,8/29/2022,9:06 PM,11/7/2022,5:17 PM,6.01,British Airways,
7097,STI,CHU,,7:17 PM,5/3/2022,3:56 PM,9.08,Qatar Airways,919.59
8159,ISE,MVA,8/10/2021,10:51 AM,7/23/2022,8:59 AM,20.08,American,
,HYS,MRR,11/16/2021,7:42 AM,1/14/2021,11:56 AM,4.87,Air France,783.7
3053,POS,TIW,8/16/2021,11:26 PM,3/2/2021,5:24 AM,4.36,Southwest,272.45
8146,NUD,RCM,9/17/2022,10:56 PM,6/21/2022,6:51 PM,4.22,JetBlue,405.12
4317,ALE,VTF,9/14/2022,8:34 PM,6/16/2021,11:23 AM,20.68,Qatar Airways,914.45
6410,,WSM,3/6/2022,9:45 AM,9/25/2022,2:49 AM,13.62,JetBlue,249.58
9490,SFL,LEE,1/29/2022,5:16 PM,2/4/2022,4:38 AM,4.56,Emirates,384.67
9831,ARA,,11/15/2021,12:22 AM,9/11/2021,12:46 AM,17.28,Qatar Airways,710.17
2336,GNS,MEX,1/3/2021,5:22 AM,1/30/2022,1:40 AM,20.02,Air France,907.96
9722,PLQ,QUB,10/30/2021,5:28 AM,7/2/2021,10:20 AM,5.1,Southwest,916.47
5605,XDJ,MXM,4/24/2022,10:29 PM,8/29/2022,7:11 PM,4.98,Southwest,403.97
9354,FRS,ZZV,4/30/2022,1:45 AM,11/17/2022,7:10 PM,7.09,JetBlue,
9252,IHU,DBS,6/1/2021,4:55 AM,10/16/2022,2:19 AM,18.46,Delta,734.61
8432,HTI,ALR,,8:35 PM,10/30/2022,9:31 PM,17.9,United,831.78
5891,,YVZ,1/27/2021,6:56 AM,7/12/2021,2:01 PM,13.36,American,119.83
,GRH,ETS,7/22/2022,8:33 PM,1/4/2021,1:49 PM,18.79,Lufthansa,418.53
6463,APC,SUX,1/10/2022,7:45 PM,9/1/2022,1:44 AM,19.07,JetBlue,473.47
1529,YPE,AWM,6/18/2021,8:58 PM,5/31/2021,3:32 AM,16.25,Emirates,232.27
1408,YQC,CGC,1/19/2021,8:07 PM,7/5/2022,8:30 PM,7.41,Southwest,586.01
9099,PAN,TJS,3/22/2022,7:16 PM,8/4/2021,2:10 AM,17.23,Qatar Airways,234.21
5606,BIV,IFN,5/18/2022,2:36 PM,11/30/2021,11:20 PM,22.29,JetBlue,665.69
5839,EDK,KRJ,3/25/2022,9:13 AM,8/26/2022,2:18 PM,2.4,Emirates,750.25
9776,ODY,KYU,7/7/2022,11:31 AM,2/28/2021,12:29 PM,,Emirates,125.65
9527,UMT,ISE,4/21/2022,1:17 PM,2/26/2021,3:33 PM,23.37,Air France,753.55
2059,USH,SHW,4/23/2022,1:16 AM,4/24/2021,4:47 PM,11.6,Qatar Airways,910.74
8026,YNM,,11/15/2022,6:27 AM,8/11/2022,4:14 PM,15.31,Delta,145.22
6446,MAA,MVT,6/10/2021,3:17 PM,2/22/2022,5:53 AM,3;47,Lufthansa,767.98
5421,AWD,FST,7/12/2022,6:36 PM,2/26/2021,12:47 AM,7.04,Emirates,543.07
2275,ZRM,,,5:01 AM,10/26/2021,12:29 AM,4.54,United,463.2
6474,WEI,NAE,9/24/2021,5:01 AM,10/4/2022,2:29 AM,20.53,Qatar Airways,651.33
8833,,RIH,11/27/2021,11:35 PM,6/7/2022,3:07 PM,11.11,Delta,740.37
,IDA,HUV,5/28/2021,3:53 PM,11/15/2022,10:37 PM,11.92,Southwest,433.46
9426,XRH,KMI,1/30/2022,4:26 PM,6/9/2022,11:37 AM,16.44,American,394.71
3276,XLU,SNK,7/17/2022,,2/25/2021,9:27 AM,7.96,Southwest,551.52
3616,TPL,BDY,9/13/2021,4:14 AM,7/23/2022,11:36 AM,3.54,Delta,
8554,IXB,YIG,10/14/2022,6:13 PM,9/1/2022,7:07 PM,3.33,JetBlue,528.77
3918,MMD,,7/19/2022,11:41 PM,12/10/2022,4:49 AM,10.14,American,255.38
9874,PNG,AOH,6/17/2022,1:00 AM,12/21/2021,8:34 AM,15.84,United,655.0
2147,KXA,YGE,9/8/2021,12:19 PM,4/27/2021,2:21 AM,12.69,Lufthansa,214.09
3592,XVS,KDI,8/19/2021,1:24 PM,1/31/2022,3:27 AM,17.39,Southwest,132.68
6377,GUV,ADY,10/8/2021,7:46 PM,5/23/2021,12:18 AM,15.36,British Airways,714.89
2070,PSP,MII,3/30/2022,10:08 AM,,11:48 AM,10.13,Delta,181.22
7705,KUC,DEC,6/24/2021,10:16 PM,7/16/2022,12:13 PM,7.87,American,58.3
4522,WUA,GIR,8/24/2022,7:21 AM,10/9/2022,11:16 AM,4.59,British Airways,114.98
5478,FKB,STP,3/2/2022,12:05 AM,5/6/2022,5:57 AM,10.42,United,121.72
6445,TSU,,12/12/2021,12:34 PM,2/7/2021,2:36 AM,10.61,American,96.8
7956,,DGO,1/26/2022,6:29 PM,1/30/2021,4:48 AM,22.06,Emirates,663.29
9788,KBR,BGX,3/28/2022,5:34 PM,,7:04 PM,13.06,Eemirates,614.58
8624,IRU,FIH,4/26/2021,6:24 AM,8/11/2022,1:23 AM,23.79,,
4426,UTN,VPG,7/16/2021,3:05 AM,8/18/2022,6:52 AM,6.66,Qatar Airways,51.03
4118,KZB,MDC,8/2/2022,1:46 PM,1/15/2021,10:08 AM,22.01,Southwest,609.83
2711,JSU,LOQ,10/19/2022,4:02 PM,11/19/2021,1:41 AM,10.88,emirates,286.22
9100,WDN,RXS,4/18/2022,7:57 AM,6/9/2022,7:30 PM,6.27,Qatar Airways,165.51
4816,UNN,JCI,11/15/2021,3:32 AM,9/15/2021,6:20 PM,7.62,United,881.03
2816,,PBG,12/11/2022,12:56 PM,12/7/2021,5:32 PM,15.5,American,401.15
2617,SVJ,SCL,7/27/2021,9:00 AM,7/17/2021,1:26 AM,18.69,British Airways,137.31
1248,SFM,PBR,6/16/2021,11:42 PM,10/11/2022,5:23 PM,8.72,Delta,757.67
5644,PDK,WTE,4/10/2022,5:42 PM,2/28/2022,12:24 PM,16.66,Qatar Airways,975.18
7920,CYS,MZB,12/22/2022,1:33 AM,8/16/2021,7:15 PM,4.84,United,385.87
9010,SYF,,11/14/2021,5:30 PM,4/2/2021,8:47 AM,11.65,JetBlue,503.77
5473,DUB,,6/27/2021,1:22 AM,6/27/2021,6:17 PM,20.74,Qatar Airways,207.33
2868,LTQ,QCR,,,6/6/2022,3:13 PM,12.55,Southwest,149.39
,EEN,SKK,11/3/2021,,12/22/2022,3:46 AM,2.38,United,160.61
3938,RMS,LEY,9/14/2021,4:28 PM,5/2/2022,1:03 PM,11.23,United,354.91
3200,RQW,ALA,2/12/2021,12:11 PM,12/27/2022,11:45 AM,22.17,Southwest,598.21
1873,,RHV,6/27/2022,6:13 PM,1/28/2022,4:28 AM,3.26,Southwest,229.87
7855,BZP,CLM,2/22/2022,,9/1/2021,8:26 AM,4.27,United,318.33
5908,SXE,RSA,12/2/2021,4:28 AM,9/10/2022,12:57 AM,4.64,Lufthansa,882.15
5885,VDI,DNL,3/3/2022,10:03 PM,3/16/2022,9:51 PM,15.46,Qatar Airways,883.09
3328,PHY,XRY,7/8/2021,12:07 AM,1/14/2021,4:18 AM,11.14,British Airways,
7537,CSH,,9/19/2022,10:56 AM,4/8/2021,7:21 AM,22.3,Delta,426.57
5405,RHL,SWT,4/25/2022,12:16 AM,3/2/2021,10:20 AM,15.87,American,295.97
8559,MXV,SLJ,11/21/2021,10:13 AM,12/27/2022,11:54 AM,13.71,JetBlue,599.18
7877,PZE,BVG,2/21/2022,3:30 AM,4/30/2022,2:03 AM,8.08,Emirates,894.67
6901,PSE,TGJ,3/3/2022,10:36 PM,1/21/2022,1:30 PM,13.07,Emmirates,325.34
2205,CAB,YCH,9/17/2021,4:40 PM,10/7/2021,6:53 AM,22.14,United,734.21
3087,OFJ,RUY,7/30/2021,8:18 PM,4/19/2022,6:31 AM,18.31,Southwest,600.64
2009,JSU,,1/11/2022,5:03 PM,10/10/2021,8:42 PM,12.75,Southwest,745.05
2836,MRR,CBL,2/3/2021,9:14 PM,10/2/2021,9:43 AM,4.68,Air France,
4730,LAX,BBM,1/2/2022,6:12 AM,1/15/2022,6:06 AM,,Southwest,
8677,JEF,OGL,10/15/2022,,7/24/2021,2:07 PM,8.67,United,712.27
3832,MXD,AGI,8/24/2021,5:44 PM,7/29/2022,10:57 AM,10.97,British Airways,862.28
8152,BLX,MXD,9/18/2022,,6/16/2021,5:20 PM,22.93,Delta,871.72
3790,GCT,TJN,9/21/2022,10:03 AM,11/2/2022,12:12 PM,22.1,JetBlue,482.56
4553,LAK,,8/12/2022,11:16 AM,3/5/2021,8:58 AM,,American,984.6
2826,YUB,MCX,2/19/2022,9:43 AM,7/6/2021,4:03 PM,14.03,American,724.61
1964,ODO,SJV,5/16/2021,11:31 AM,3/23/2022,9:07 AM,1.54,Qatar Airways,92.9
7587,TMJ,PIV,,,12/5/2021,5:26 PM,20.03,Southwest,310.37
1956,GGO,,2/21/2021,4:31 AM,1/28/2021,5:05 PM,19.0,American,113.04
1443,QAQ,PVL,10/27/2022,5:49 AM,6/27/2022,3:47 PM,3.68,JetBlue,812.19
5983,,TCO,4/28/2022,12:14 AM,2/12/2021,12:57 PM,18.86,United,853.04
7593,LZO,NGE,2/18/2021,5:03 AM,,10:02 AM,23.4,Emirates,443.77
2972,NDR,OMH,11/1/2022,4:54 PM,8/23/2022,2:35 PM,10.54,Emiirates,621.8
5220,MQC,ATC,4/18/2021,2:43 PM,11/6/2022,11:23 PM,12.71,United,864.3
9172,RDR,WKL,5/1/2022,11:03 PM,1/16/2021,11:21 AM,13.4,Qatar Airways,327.0
1299,SKI,LCK,5/31/2022,1:41 AM,8/15/2021,5:22 PM,,United,806.14
8451,RGA,ARS,2/1/2022,2:38 AM,12/15/2022,6:29 PM,3;52,Delta,930.71
7083,RKH,RNZ,11/26/2021,4:12 PM,4/26/2022,1:18 PM,12.94,Lufthansa,240.16
5573,SRA,WCR,7/16/2022,12:55 AM,7/31/2022,5:51 PM,14.56,Air France,
,SUV,VLU,7/26/2021,6:30 AM,3/16/2022,12:13 PM,22.95,United,804.03
5988,CHV,ULE,7/12/2022,11:39 AM,11/2/2022,7:15 PM,1.28,JetBlue,583.38
5712,RSH,WDS,9/20/2021,7:43 PM,7/18/2022,2:01 PM,12.94,Qatar Airways,
2308,MCL,,6/4/2021,3:17 AM,11/1/2021,8:39 AM,12.24,Qatar Airways,230.97
7181,UYU,NQY,1/7/2021,4:40 PM,6/27/2022,3:39 AM,19.07,British Airways,836.68
4591,USN,ORB,10/29/2022,3:53 PM,11/15/2021,11:46 PM,14.8,Air France,370.95
4927,CBT,HTG,7/6/2022,4:23 PM,10/9/2021,11:52 PM,10.3,Air France,684.22
1718,FBU,YQN,6/21/2022,3:18 AM,7/4/2022,3:16 AM,16.41,American,285.8
5012,PTY,CZY,3/15/2022,5:10 AM,5/15/2022,1:25 AM,8.57,Qatar Airways,772.26
2331,VHZ,GIF,4/19/2021,7:50 PM,3/8/2021,2:58 PM,14.83,American,
3212,PAU,CVH,1/22/2022,11:02 PM,,,10.03,Air France,601.58
8551,SMO,YPA,1/12/2021,11:35 PM,4/6/2022,5:02 PM,11.68,,143.24
3154,JWN,CZP,6/11/2022,11:43 AM,2/1/2022,11:34 AM,1.18,United,346.31
5336,GSQ,MUX,3/22/2021,11:11 PM,2/16/2021,1:13 PM,7.67,Delta,145.42
4908,XLB,,8/17/2021,5:16 AM,11\11/2021,9:54 AM,4.8,Delta,979.4
9026,OXO,KHI,7/1/2022,11:49 PM,8/2/2022,12:21 PM,10.31,,305.26
9157,MUX,KKM,4/24/2021,9:03 AM,2/11/2022,12:57 AM,7.63,United,712.75
9938,KVB,HMG,1/26/2022,11:45 AM,6/7/2021,7:00 PM,22.38,Lufthansa,
,MMX,ZEL,10/15/2022,8:03 PM,,12:11 PM,7.7,Qatar Airways,380.66
4724,BMK,EIH,7/18/2021,12:20 PM,2/19/2021,6:43 PM,21.92,Lufthansa,780.88
9655,RST,,7/22/2022,5:25 PM,12/26/2022,4:44 AM,23.08,American,118.05
8583,ULX,BCJ,7/29/2022,1:12 PM,7/14/2022,9:31 AM,6.45,Delta,528.4
9194,ARF,KRK,7/28/2022,11:08 PM,1/6/2022,3:15 AM,4.36,JetBlue,575.2
4520,VNO,ELF,8/4/2022,2:03 AM,6/4/2022,1:33 AM,9.34,Emirates,
8926,LGM,SKN,12/16/2022,3:50 AM,3/27/2022,12:32 PM,11.03,American,923.32
7194,,LJG,7/28/2021,,10/3/2022,1:19 PM,2.07,Lufthansa,662.26
4949,CGC,MSW,2/23/2022,1:06 AM,,9:46 AM,22.7,Qatar Airways,216.08
4329,PGU,DKS,12/3/2022,9:56 AM,10/15/2021,10:39 AM,1.38,Southwest,887.34
4425,OSW,MTK,9/11/2021,,12/7/2021,4:35 PM,12.39,British Airways,332.45
,YSI,FUL,7/5/2022,11:12 AM,5/9/2021,6:23 PM,22.69,JetBlue,549.53
6692,NNR,WVI,12/25/2022,9:15 PM,6/10/2021,9:17 PM,20.66,American,281.55
,UIH,RAB,5/15/2021,12:02 PM,8/13/2022,12:53 PM,19.59,Air France,
4720,SOZ,MVF,5/10/2022,8:12 AM,7/24/2022,5:29 PM,6.48,Southwest,708.84
4983,NLG,TCZ,,2:19 PM,12/15/2022,11:18 AM,11.64,Delta,532.0
3229,SBV,BRQ,10/8/2022,5 51 PM,11/22/2021,6:20 AM,22.59,United,912.14
3863,0,0,12/16/2022,3:29 PM,4/4/2021,8:19 AM,9.22,,906.27
8948,YNO,SMO,6/16/2022,4:13 PM,1/11/2022,6:34 AM,10.68,Delta,371.08
2117,KJP,GWL,4/5/2022,9:20 PM,3/18/2021,12:28 PM,3.05,Em irates,612.64
2843,PWK,PLT,7/17/2021,9:14 AM,6/23/2021,10:48 AM,10.46,American,859.07
4307,PGD,CUG,10/12/2021,8:28 PM,3/4/2022,6:24 AM,22.74,Air France,349.78
,KHA,0,10/26/2021,6:58 PM,7/3/2022,3:17 AM,6.65,JetBlue,204.22
4515,KTE,KSF,11/10/2022,2:22 PM,4/30/2021,4:08 AM,13.32,,732.23
5966,MPU,BCG,1/15/2022,2:44 PM,4/27/2021,6:59 PM,,JetBlue,774.37
8375,PMZ,TFI,10/26/2022,7:13 AM,11/13/2021,9:31 PM,18.07,British Airways,640.77
4078,ILG,UTH,6/8/2022,12:56 PM,4/3/2021,7:02 PM,,Southwest,998.64
6683,SOI,ESI,3/16/2021,7:45 PM,1/1/2022,10:19 AM,3.81,Lufthansa,53.99
8257,SQC,UKU,4/24/2021,1:41 PM,10/23/2022,8:28 AM,13.66,Lufthansa,268.06
3014,MHZ,MMZ,11/5/2021,12:48 AM,9/9/2021,2:21 PM,8.64,American,612.77
5519,WST,QGU,11/14/2021,4:23 AM,4/17/2021,6:29 AM,11.31,Lufthansa,945.69
,XJM,NDU,6/2/2022,1:14 AM,6/9/2022,3:11 PM,5.43,British Airways,875.96
6291,GUI,XMY,3/31/2022,5:08 PM,9/27/2021,10:16 AM,11.71,Delta,316.6
2780,QDJ,FEK,1/1/2021,11:14 AM,12/29/2021,4:42 AM,1.0,Delta,712.02
8951,TNO,SDJ,4/8/2021,6:17 AM,5/19/2022,1:15 PM,20.21,JetBlue,810.24
7593,COB,FIK,5/25/2021,12:06 PM,7/26/2021,,9.9,Lufthansa,472.9
4875,OUE,DPO,7/24/2022,11:29 PM,1/25/2021,12:44 PM,20.88,British Airways,840.78
9554,SSW,MRE,,7:20 PM,10/4/2022,3:00 AM,11.09,Lufthansa,98.91
6546,LSN,SCS,,11:08 AM,1/4/2021,6:04 AM,7.36,Qatar Airways,152.97
6398,MWZ,WSY,1/13/2022,3:48 AM,10/17/2021,2:17 PM,20.08,Southwest,678.68
6094,YWB,PTF,,7:19 PM,1/16/2021,8:09 AM,19.06,British Airways,675.83
7854,NPA,PCP,2/27/2021,12:32 PM,12/10/2022,5:10 AM,5.67,Qatar Airways,473.14
6429,TDT,RSU,,,5/17/2022,5:58 PM,7.99,United,412.12
5629,JEQ,AMF,3/8/2022,5:00 AM,2/15/2021,5:48 AM,6.18,Air France,67.25
9586,BTZ,AEA,4/10/2022,7:00 PM,9/12/2021,3:57 AM,11.36,Delta,326.09
3002,EMO,BGK,3/25/2021,12:32 PM,4/27/2022,11:13 PM,20.05,Air France,843.02
5764,YAY,KGT,9/17/2022,12:56 AM,2/18/2021,10:02 AM,1.32,Southwest,229.01
,OHO,MUE,6/30/2022,5:06 AM,4/18/2022,4:54 AM,3.68,American,662.92
6844,CAS,SZX,9/6/2022,6:35 PM,6/19/2022,9:47 AM,9.87,Lufthansa,92.85
2785,SCC,EGN,7/4/2021,5:37 PM,8/22/2022,11:34 AM,2.58,,367.34
5410,MVX,QNC,11/6/2022,5:58 AM,6/26/2021,9:02 AM,9.34,JetBlue,72.07
6632,MVO,HMA,7/3/2021,1:31 PM,5/12/2021,5:20 AM,12.97,Emirates ,304.96
1884,SOZ,TGD,5/18/2021,1:10 AM,9/1/2021,,13.01,British Airways,953.0
7601,LND,PBB,9/23/2021,4:34 AM,1/19/2022,4:20 PM,22.2,Air France,743.02
4426,TMZ,LWM,1/4/2021,9:03 AM,,10:48 AM,18.21,Southwest,77.7
8120,BIP,RSL,7/20/2022,4:27 PM,6/19/2022,4:44 PM,6.0,Delta,537.6
7141,TUN,DNZ,1/21/2021,2:47 PM,2/5/2021,2:47 PM,15.19,Emirates,
8505,RZE,WPO,3/16/2022,6:40 AM,7/10/2022,8:03 PM,19.12,Delta,659.02
5023,DPU,CAE,1/15/2021,9:08 AM,10/24/2022,10:21 PM,14.87,Lufthansa,406.7
4756,VLN,CMK,5/16/2021,11:33 PM,7/3/2022,6:03 PM,16.75,American,214.57
3176,ZZU,ULI,1/17/2022,2:06 PM,,1:39 PM,20.23,Air France,315.23
1046,AUJ,FAY,4/22/2021,11:54 PM,5/13/2021,6:13 AM,14.4,United,392.24
7276,MTA,DGN,10/25/2022,,8/12/2021,10:08 PM,16.16,British Airways,99.76
6279,AUC,EBD,12/23/2021,5:47 AM,7/12/2022,2:10 AM,,JetBlue,820.46
4072,UPN,KKK,12/13/2022,,7/15/2021,9:39 AM,6.38,,857.32
3995,CUH,PSS,2/5/2022,5:06 AM,5/2/2021,5:33 AM,1.74,Qatar Airways,498.49
1826,LHS,NBE,6/20/2022,7:31 AM,9/30/2021,1:49 AM,14.27,British Airways,50.18
9762,DCF,BZY,3/15/2021,6:26 AM,6/16/2021,12:32 AM,7.27,Air France,84.84
3001,UGB,YSQ,10/17/2021,5:36 PM,4/13/2021,2:15 PM,8.05, Emirates,
5292,WOA,MXK,5/3/2021,8:58 PM,5/15/2022,4:26 AM,13.91,Southwest,
2754,DEZ,RGI,11/8/2022,9:48 AM,1/24/2021,8:16 PM,3.07,Air France,226.96
7473,BRT,MPO,4/1/2022,4:26 PM,5/18/2022,9:47 AM,1.17,Emirates,382.77
9564,SVC,ALR,11/4/2021,12:09 PM,4/17/2021,11:34 AM,9.05,Lufthansa,156.88
6072,TBO,PYX,10/26/2021,3:01 PM,4/3/2022,10:35 PM,5.88,,850.11
3306,HOD,LRS,12/3/2022,8:27 AM,5/3/2022,8:50 AM,19.45,Lufthansa,345.31
4797,YIP,NLF,4/28/2022,1:27 PM,9/16/2022,12:28 PM,10.62,Emirates,355.09
5109,LZH,0,7/19/2021,12:49 PM,7/10/2021,3:25 PM,7.31,JetBlue,
9401,FLH,BAX,5/27/2021,10:09 PM,7/26/2021,6:53 PM,23.65,Air France,787.35
5791,EGP,WBO,4/25/2021,1:46 PM,7/20/2022,1:17 AM,4.99,American,688.55
3110,REQ,LOB,10/14/2022,,4/23/2021,8:48 AM,7.3,Lufthansa,413.71
8272,CUZ,,12/3/2021,7:30 PM,11/20/2022,5:31 PM,12.31,British Airways,893.37
5862,POM,ZJN,12/5/2022,3:32 AM,9/1/2021,1:05 PM,23.73,American,351.67
5765,IUE,TSB,2/20/2021,,10/27/2022,4:54 AM,5.54,Emirates,221.13
9293,VOH,CSA,10/26/2021,8:43 PM,,5:01 PM,13.86,Emirates,982.91
1334,BDI,IFF,4/11/2022,1:26 PM,4/18/2022,3:32 AM,16.21,United,633.8
9900,CWS,YQU,8/28/2021,11:09 AM,5/15/2021,6:43 PM,21.36,JetBlue,827.32
2283,GIY,AMA,11/18/2022,6:59 AM,7/18/2022,1:42 AM,22.73,Emirates,714.25
5263,PYA,RIG,6/21/2022,1:01 PM,4/2/2022,1:44 AM,10.21,Lufthansa,765.59
5284,WEP,KTS,12/30/2022,6:47 AM,6/13/2021,12:32 AM,,Air France,944.64
8978,SAR,VLR,3/14/2021,3:24 PM,6/25/2022,8:46 AM,12.45,American,145.33
4824,NAL,MMY,3/17/2022,10:06 AM,2/6/2021,7:05 AM,20.86,Delta,243.13
5505,UUN,GRU,6/1/2021,2:08 AM,11/3/2021,5:52 AM,11.38,British Airways,880.65
9447,GUW,,4/1/2022,3:33 AM,5/23/2022,3:44 PM,8.94,Emirates,915.6
2841,LSB,MKL,2/1/2022,9:42 PM,6/25/2021,5:01 PM,11.43,,
8458,MLL,FMH,3/7/2022,2:34 PM,3/20/2021,4:40 PM,9.35,Air France,608.49
6337,,ACE,6/16/2022,6:53 AM,1/15/2022,9:53 AM,22.06,Emirates,196.2
7847,KRX,ZGF,12/21/2022,12:00 AM,11/20/2022,11:09 PM,23.19,American,509.03
6676,PXR,BAY,7/17/2021,11:51 PM,7/21/2022,2:44 AM,14.05,Southwest,957.9
1668,XMC,ALI,5/27/2021,5:21 AM,8/12/2022,1:58 PM,2.68,JetBlue,222.48
4351,OZG,URC,11/9/2021,11:36 PM,10/24/2022,6:41 PM,19.35,British Airways,618.32
3539,QNJ,VLC,8/17/2021,10:26 PM,8/12/2022,4:58 AM,15.73,Air France,157.38
3568,JNB,YPY,12/22/2021,10:04 PM,6/25/2021,7:48 AM,3.51,JetBlue,308.47
2462,SXE,LLH,3/28/2021,9:14 AM,1/28/2021,3:29 AM,6.02,Emirates,548.04
5522,AFD,KAY,4/29/2022,7:16 PM,8/9/2021,7:55 AM,7.27,United,445.52
1962,SRN,RKE,3/21/2021,6:44 AM,7/11/2021,6:15 PM,2.65,Emirates,694.3
7977,ZJN,TAT,9/13/2021,8:06 AM,5/13/2022,5:35 PM,14.71,Lufthansa,479.15
3725,KMT,XSB,8/7/2021,4:07 AM,9/10/2022,5:54 AM,21.0,JetBlue,114.81
1800,YEC,KDU,8/3/2021,12:51 PM,4/24/2022,12:35 AM,21.52,American,279.07
3226,OLQ,MWR,6/25/2021,8:55 PM,9/15/2022,10:41 AM,17.55,Southwest,447.64
6074,LYR,KZI,12/14/2021,,10/5/2021,,1.47,JetBlue,814.54
7300,BBU,SYS,2/20/2021,12:07 PM,3/25/2021,12:52 AM,12.2,Southwest,955.82
2457,BMO,WKR,12/17/2022,1:35 AM,12/16/2022,11:23 PM,7.81,American,496.26
,HOP,IGH,,1:25 PM,10/23/2022,2:56 AM,21.43,United,815.53
3200,IRC,AZR,6/7/2021,4:29 AM,7/7/2021,6:16 PM,,Emirates,682.39
8184,EDR,,4/8/2021,12:28 PM,8/12/2022,2:07 AM,20.97,British Airways,608.45
3775,UTW,RTS,4/7/2022,6:00 PM,6/20/2021,7:03 AM,18.14,American,623.14
9407,DEX,SVO,5/24/2022,7:06 PM,4/12/2022,9:44 PM,4.84,Lufthansa,
9706,FEC,MVX,12/15/2022,9:10 AM,10/29/2022,1:04 AM,16.9,American,868.32
3030,AAS,KLM,3/24/2022,1:20 PM,7/12/2021,1:59 AM,13.53,JetBlue,294.64
7822,BLT,ELV,5/29/2022,3:13 PM,12/23/2021,1:28 AM,23.96,Delta,597.47
1902,NQT,PPG,10/1/2022,11:30 PM,3/13/2022,2:10 PM,21.58,Southwest,704.25
1088,TRR,SNV,4/10/2022,10:21 PM,4/28/2021,9:19 PM,5.18,Southwest,425.05
6035,FCN,QRW,6/12/2021,2:18 PM,4/16/2022,4:48 PM,16.76,Lufthansa,165.03
2686,FEJ,ATA,5/10/2022,1:45 PM,4/27/2021,10:03 AM,20.81,Emirates,
7963,FWH,ICA,2/11/2021,2:26 PM,5/12/2021,11:03 PM,7.56,United,735.72
4143,LBP,CTB,4/11/2021,4:34 PM,1/27/2022,11:58 AM,2.5,JetBlue,131;61
1467,EUN,KKG,6/21/2022,9:55 AM,5/2/2021,11:33 AM,3.01,Qatar Airways,838.26
3293,OVE,MWD,4/20/2021,3:32 AM,6/19/2021,5:36 PM,14.99,Qatar Airways,603.13
2763,GEM,VOK,4/14/2022,6:32 PM,8/27/2021,10:38 PM,18.57,United,392.6
7748,WNU,YZZ,3/30/2021,7:27 AM,9/18/2022,9:07 PM,10.09,United,975.67
9698,YRC,VST,2/10/2022,11:12 AM,3/29/2021,5:19 AM,5.1,Lufthansa,
1060,NUE,AVP,1/17/2022,5:06 AM,10/30/2021,11:17 PM,17.66,Lufthansa,327.32
7753,BUR,HAA,7/24/2021,8:42 AM,2/14/2022,5:14 PM,20.2,JetBlue,775.09
8913,SMG,HAO,12/12/2022,12:35 PM,6/29/2022,7:10 AM,13.52,Qatar Airways,720.77
9982,DLU,DHT,5/6/2022,1:36 AM,5/13/2021,1:21 AM,8.04,United,915.58
2739,NJK,EFG,2/14/2022,12:05 AM,10/4/2021,10:00 AM,3.41,Emirates,538.98
1102,SOC,QPG,4/24/2021,4:50 PM,7/9/2022,8:00 AM,2.4,Air France,549.67
1283,IFU,AVU,5/6/2021,11:13 AM,11/7/2022,7:16 AM,7.49,Qatar Airways,812.95
8479,LHR,NBG,11/5/2021,12:46 PM,12/15/2022,4:13 AM,5.78,Lufthansa,
6710,FRH,KSO,12/19/2022,,5/24/2021,4:45 PM,22.73,United,
5909,EOZ,ESU,1/17/2021,5:04 PM,3/16/2022,11:33 AM,1.51,Air France,604.94
4657,MIK,CRV,9/5/2022,4:50 PM,4/19/2021,6:21 AM,4.89,JetBlue,190.51
6645,JQA,CNE,2/23/2021,6:23 PM,12/28/2022,10:52 PM,8.04,Southwest,872.11
9867,BUL,PGR,8/18/2021,8:10 AM,7/25/2022,4:04 AM,10.06,British Airways,604.35
4317,APK,CXM,10/31/2021,2:20 PM,1/13/2022,12:50 PM,3.92,British Airways,586.92
2190,ALA,CFM,1/26/2022,1:03 PM,7/4/2021,10:41 AM,18.46,United,
8113,CRZ,DLZ,9/19/2021,7:55 AM,7/2/2021,2:07 AM,18.58,Emirates,942.4
5498,DZA,RVV,8/20/2022,6:48 AM,9/30/2021,2:49 AM,6.75,British Airways,173.39
2572,TJB,PPF,6/25/2021,3:03 PM,,1:47 AM,17.88,Air France,317.47
4133,LBK,FDU,5/3/2022,11:36 AM,3/20/2022,1:36 PM,10.86,Delta,158.18
8169,TOP,RUK,5/13/2022,3:09 AM,4/8/2022,7:36 PM,8.67,United,691.88
3607,AYT,YMV,1/20/2022,6:11 PM,,2:55 AM,5.93,JetBlue,565.21
2200,ITQ,SGD,3/11/2022,6:55 AM,9/1/2021,7:32 PM,6.56,British Airways,701.91
5533,UVF,BXO,12/17/2021,12:33 PM,10/13/2022,5:53 AM,11.59,Delta,150 43
8985,AKV,MNC,2/12/2021,8:48 PM,6/23/2022,12:53 PM,7.56,Delta,
3162,RMQ,BWT,4/13/2022,8:35 PM,3/20/2022,6:24 PM,22.97,United,508.67
1879,IMK,,4/21/2021,9:25 AM,12/28/2021,1:24 PM,18.84,JetBlue,868.04
4930,RDN,XBE,8/15/2022,4:40 PM,10/23/2021,3:44 AM,9.59,Emirates,297.61
6995,LDI,PVZ,2/18/2022,7:30 AM,10/15/2022,4:58 PM,5.34,Southwest,657.49
6739,LCY,,12/3/2022,5:41 PM,8/11/2021,6:39 PM,18.4,Delta,72.61
8996,YZH,LPD,10/21/2021,5:51 PM,3/22/2021,8:54 PM,13.36,United,
4358,,ARH,,,7/7/2021,7:38 PM,4.41,Southwest,292.44
3565,SJM,ZBF,8/19/2022,12:56 AM,8/20/2022,6:29 PM,12.47,British Airways,
4620,SXN,TEA,7/16/2021,10:11 AM,11/28/2022,6:56 AM,10.26,United,988.53
1439,OKI,AVV,2/10/2021,7:21 PM,4/16/2021,5:11 AM,15.32,Delta,77.71
,BUN,BGM,1/14/2022,11:47 PM,8/1/2021,7:49 AM,2.81,American,220.38
4300,PZU,ITK,7/11/2021,2:30 PM,2/1/2022,8:36 PM,21.56,British Airways,528.11
3724,SHQ,AYW,4/19/2021,4:07 PM,,1:06 PM,9.5,Emirates,953.09
9270,TMP,LGW,5/31/2021,8:15 AM,2/1/2021,12:46 PM,4.8,United,871.12
3558,AOH,CUJ,12/10/2022,11:07 AM,8/9/2021,7:26 AM,7.36,United,448.13
9850,AAO,BJH,1/6/2022,4:17 AM,6/5/2021,1:31 PM,13.11,Delta,574.3
2693,LCM,ZPB,10/12/2021,10:18 AM,10/10/2022,8:07 PM,19.66,Lufthansa,178.07
2053,YLI,HDB,9/7/2022,1:12 AM,7/11/2021,5:02 AM,12.2,American,973-02
1501,BTF,LPF,5/7/2021,8:41 AM,10/25/2021,2:20 AM,11.61,Delta,333.22
7618,BDE,PIK,7/24/2021,6:19 AM,3/4/2021,4:02 PM,16.47,American,686.84
2566,UTD,ICK,10/14/2021,2:29 PM,2/24/2021,10:59 AM,18.36,American,738.09
4423,BFG,ITN,8/26/2022,4:02 PM,8/19/2021,8:25 AM,6.17,Lufthansa,831.93
1283,CEF,TKB,5/11/2022,10:44 PM,8/5/2021,4:05 PM,9.87,Qatar Airways,956.27
1349,LKU,SGU,11/7/2021,3:19 PM,8/19/2021,7:00 AM,7.74,Air France,971.14
2132,ILU,ASQ,7/31/2021,2:20 AM,2/21/2022,5:34 AM,20.91,Air France,582.07
2314,CFK,,4/6/2022,1:17 PM,3/27/2022,10:53 AM,2.22,American,877.42
5005,SNV,EIL,12/26/2022,2:30 AM,8/28/2021,9:59 AM,8.98,Emirates,723.26
9099,SAS,FPY,2/10/2022,12:55 PM,2/13/2022,4:24 AM,11.38,Southwest,891.11
1558,SQT,TSS,1/6/2022,5:48 AM,11/21/2021,7:58 PM,,Air France,496.51
9762,GOU,SFU,10/24/2021,12:13 AM,2/27/2022,4:29 PM,15.95,Delta,345.03
8307,GHE,AHO,4/22/2021,9:41 AM,8/25/2022,10:38 PM,11.2,Emirates,508.91
4278,KKP,CLC,11/19/2021,7:36 AM,10/21/2022,11:27 PM,11.76,Lufthansa,575.82
5894,MTB,OSM,9/5/2021,5:58 PM,5/24/2021,12:58 AM,4.46,Delta,646.08
6459,ILO,SOA,11/29/2021,,4/4/2021,8:12 AM,11.5,British Airways,220.98
3584,NRN,GAY,12/26/2021,7:56 PM,11/13/2022,4:43 PM,12.85,British Airways,843.02
5495,PXO,TAP,5/28/2022,12:38 PM,,9:01 PM,11.73,Southwest,347.38
7691,HDH,RUH,7/6/2021,5:14 AM,3/1/2022,8:52 PM,14.0,Southwest,976.6
7484,SJO,BDR,8/26/2021,9:44 AM,10/19/2021,5:22 AM,22.95,Air France,265.85
5436,RET,,1/15/2022,5:22 AM,9/1/2021,8:14 PM,7.51,American,574.27
7751,MDR,KLZ,1/13/2021,3:40 AM,1/16/2022,3:12 AM,8.54,British Airways,786.01
9232,IQM,KLQ,2/14/2022,10:21 AM,2/8/2022,9:32 AM,19.14,JetBlue,323.26
4984,IFH,SCQ,2/12/2021,10:32 PM,4/13/2021,1:02 AM,,Qatar Airways,425.8
2696,LHE,BLG,10/23/2022,11:44 AM,10/16/2022,12:19 PM,6.8,JetBlue,626.9
5980,HGI,MPO,11/10/2022,2:51 AM,1/3/2022,4:24 PM,15.08,American,588.26
7958,JGN,NQX,12/24/2022,1:40 PM,7 16/2021,5:47 AM,14.34,American,989.17
8403,CGH,AUH,8/12/2022,7:32 AM,12/20/2022,12:23 PM,15.78,,496.91
7779,MLQ,USL,12/1/2021,12:01 AM,11/2/2021,6:26 AM,14.35,Air France,636.07
9298,RMS,GLS,1/1/2021,3:30 AM,5/11/2021,8:38 AM,4.18,Air France,351.03
,TOZ,,9/24/2021,3:04 AM,10/24/2021,8:12 AM,13.24,Lufthansa,165.74
7051,GZO,RVA,5/1/2021,5:48 AM,7/11/2021,9:29 AM,11.08,Air France,526.12
1709,WGT,BTO,9/14/2022,1:16 AM,6/5/2022,12:20 AM,14.4,Delta,578.09
,NGK,,8/21/2022,7:06 AM,6/1/2021,4:10 AM,5.16,Air France,748.32
9791,YEQ,HEY,9/15/2021,10:06 AM,10/26/2022,4:06 AM,1.52,British Airways,683.19
7023,TSI,ZHA,2/5/2022,5:15 AM,3/7/2021,12:39 AM,1.06,Lufthansa,532.06
8839,DDG,WDN,7/15/2021,8:34 AM,11/12/2022,5:13 PM,1.98,Southwest,
6943,BDB,NAU,1/23/2021,3:35 PM,,12:07 AM,18.49,British Airways,404.53
7555,BMN,QVR,2/28/2022,11:33 PM,,7:06 AM,20.12,Southwest,798.23
1385,BSY,GFE,3/8/2021,5:13 AM,4/10/2021,3:32 PM,8.96,Lufthansa,284.01
2852,PHK,KMK,12/19/2021,4:47 AM,7/2/2022,3:13 AM,5.69,United,591.41
5944,MDB,OUH,11/1/2021,4:16 AM,7/28/2021,12:05 AM,9.66,Lufthansa,127.88
2246,MZJ,MCR,9/10/2022,9:13 PM,2/4/2021,10:56 PM,18.51,Air France,394.44
2312,IMP,WKI,8/15/2022,12:46 PM,4/12/2022,10:16 PM,16.98,Emirates,733.57
5239,UAE,IWJ,5/9/2022,1:06 AM,12/12/2021,12:01 PM,3.63,JetBlue,282.02
,HPV,ANO,6/11/2021,3:22 AM,9/27/2021,5:14 AM,12.38,Lufthansa,793.96
4406,KUO,GYS,10/3/2022,10:48 AM,6/6/2021,7:36 AM,21.73,JetBlue,802.95
8951,GMP,NFL,2/3/2021,5:05 PM,1/9/2022,5:36 AM,19.18,United,289.46
9571,LBN,FMS,10/5/2021,2:23 AM,7/12/2021,12:35 PM,15.59,British Airways,178.87
4634,ESS,KNF,,7:05 AM,4/26/2021,2:53 PM,10.0,United,836.75
8744,CGF,MQN,2/23/2021,,8/3/2022,7:37 PM,6.75,Lufthansa,510.36
1635,SRF,ADO,6/15/2021,,9/8/2022,10:44 AM,13.09,Emirates,229.99
2416,ENS,NHV,1214/2021,5:13 PM,7/15/2022,1:37 AM,1.62,,793.46
7480,SOC,SXM,6/5/2021,10:24 AM,7/14/2022,6:19 PM,1.37,Air France,250.34
2077,LGW,AVX,9/26/2021,10:08 AM,12/16/2021,12:33 PM,16.48,Delta,578.98
9401,ARX,SSN,9/9/2022,11:49 PM,4/5/2021,3:56 PM,16.41,American,150.55
4005,CSD,,8/1/2021,,12/13/2022,11:16 AM,2.27,American,475.25
8726,CBF,ZLO,7/8/2021,7:43 AM,11/17/2022,3:13 AM,1.93,JetBlue,597.09
9321,HAT,THH,8/19/2022,11:31 PM,6/29/2021,2:17 PM,6.9,Lufthansa,508.62
5565,YEV,BTA,6/28/2022,10:55 AM,3/29/2021,1:18 PM,21.2,Qatar Airways,146.87
9361,SOY,DRA,7/4/2022,10:37 AM,10/25/2022,4:18 PM,15.18,Southwest,703.43
5482,PYX,,7/19/2021,11:31 PM,9/27/2021,,20.22,Delta,372.7
9473,CIC,GBK,8/4/2021,3:16 PM,10/13/2021,11:47 AM,1.91,British Airways,327.96
7715,TAW,WUI,3/18/2021,4:49 PM,5/14/2021,5:33 AM,,JetBlue,746.28
6093,MQA,,2/2/2022,3:25 AM,5/8/2021,2:11 AM,9.24,Qatar Airways,815.47
6006,SPH,MMC,2/16/2021,11:58 PM,2/18/2022,,6.54,British Airways,832.72
5476,BWM,EBW,6/7/2022,1:46 PM,10/1/2022,4:19 PM,2.39,Emirates,410.91
6235,GVL,KBT,7/9/2021,5:42 PM,8/4/2021,11:11 AM,16.84,United,210.73
4763,ASU,HRG,5/26/2022,10:34 PM,9/16/2022,8:03 PM,8.62,American,275.14
9702,AUT,NGE,3/20/2022,11:30 AM,3/14/2021,2:50 AM,12.53,American,402.27
6805,VVN,UKG,1/20/2021,2:49 AM,6/16/2022,2:54 AM,22.8,British Airways,463.13
,YKN,PZS,,10:54 PM,10/10/2022,,1.93,Southwest,473.97
1924,NTD,BDM,10/24/2022,12:06 AM,5/29/2022,1:56 PM,18.37,,309.86
3469,JAN,NTA,3/12/2022,12:10 AM,9/4/2022,9:30 PM,1.61,Lufthansa,819.44
5551,PYY,PCV,11/27/2022,1:09 PM,4/29/2021,1:45 AM,16.27,Qatar Airways,748.23
6623,LYB,EUO,9/1/2022,7:20 PM,3/1/2021,12:34 AM,16.39,American,173.82
2071,HEX,,9/4/2021,6:23 AM,2/17/2022,9:24 PM,13.34,Lufthansa,255.71
1540,ZHM,OSE,9/9/2022,1:03 PM,5/17/2022,7:41 AM,7.13,Southwest,136.75
4183,IGN,HIE,3/18/2022,4:00 AM,11/12/2022,1:47 PM,,Lufthansa,581.89
3818,YYR,IFL,11/18/2021,12:31 AM,1/26/2021,10:08 AM,8.91,Delta,765.59
6799,YBA,HUV,8/1/2021,7:00 PM,12/13/2022,12:50 PM,11.03,Emirates,904.47
7477,VAL,OCE,5/25/2021,2:45 PM,,6:45 PM,17.43,Southwest,928.81
9203,BQI,YXI,9/15/2022,10:59 PM,7/28/2021,10:07 PM,9.7,Qatar Airways,727.85
1014,IDK,,12/31/2021,2:39 PM,4/21/2022,9:32 AM,20.47,Southwest,774.65
5241,FMG,RPV,10/28/2022,5:08 PM,12/21/2022,2:10 AM,1.9,Southwest,802.28
8363,SFO,SHW,2/12/2021,,9/10/2022,10:09 PM,6.89,Air France,915.77
1535,TOK,JIW,1/24/2022,3:49 PM,11/13/2021,10:29 AM,9.48,,962.03
9697,AGK,OIC,1/23/2022,9:06 AM,11/20/2022,8:28 AM,8.56,Qatar Airways,218.95
4058,SAA,ANC,12/19/2022,,9/16/2021,11:50 PM,20.81,Delta,184.65
2316,IDB,SFT,7/14/2021,,4/10/2021,9:05 PM,8.97,JetBlue,119.1
4863,ESG,TAY,9/29/2021,,11/20/2022,9:19 AM,11.18,Emirates,593.01
8958,GLD,CDO,4/7/2022,6:15 AM,5/4/2022,9:16 PM,17.15,Delta,89.51
5741,CPS,KNO,12/20/2022,10:45 AM,12/29/2022,12:02 AM,6.64,JetBlue,91.78
3560,ADE,YGB,12/21/2022,7:03 AM,4/27/2022,3:49 PM,12.1,JetBlue,71.46
8712,FFL,AID,9/12/2022,11:25 AM,5/9/2021,9:13 AM,20.26,Delta,874.68
9957,AKA,GYR,11/23/2022,3:24 PM,6/11/2022,5:26 PM,18.73,Lufthansa,
9523,YAN,WMX,9/28/2022,3:26 AM,2/5/2021,1:05 PM,21.13,Air France,617.34
2564,JOP,SGK,6/8/2021,7:00 PM,4/16/2022,11:26 PM,6.4,JetBlue,360.83
1318,VIB,BKZ,9/1/2022,7:59 PM,11/10/2022,10:43 AM,17.52,Air France,830.31
3131,HIJ,ATC,10/5/2021,8:42 PM,2/8/2021,6:29 AM,18.9,JetBlue,927.77
1018,BOM,TNQ,12/9/2021,3:08 AM,3/11/2022,9:19 AM,17.45,Delta,
1980,CXA,YMB,12/19/2022,,3/8/2022,4:32 PM,9.46,Emirates,
3506,FBU,LEV,8/29/2022,11:37 PM,9/10/2022,5:23 AM,2.97,Qatar Airways,132.59
5110,HOH,NGU,2/7/2022,10:57 AM,8/27/2021,9:08 PM,5.57,,51.8
5035,MXY,KWN,10/14/2021,12:48 PM,,10:49 AM,22.38,Delta,413.06
3286,VNO,MAF,9/23/2022,4:02 PM,1/16/2021,12:48 PM,16.5,British Airways,768.58
5878,BUF,BXK,4/29/2022,2:53 AM,5/2/2022,5:51 AM,21.05,British Airways,614.86
6327,HNE,QNV,5/23/2021,6:56 PM,3/30/2022,11:31 AM,17.01,United,546.3
2972,VLP,ZMM,12/6/2022,6:16 PM,8/20/2022,1:45 AM,3.98,Delta,847.63
3909,RSK,ANJ,3/4/2022,1:58 AM,1/4/2021,1:47 PM,6.12,United,510.46
5816,OZC,SRF,2/23/2021,,11/18/2022,9:30 PM,3.92,Emirates,340.92
4966,YXH,MJN,10/6/2021,12:18 AM,9/6/2021,10:47 AM,7.67,Emirates,585.41
9997,LGP,CUG,3/30/2021,9:02 AM,4/30/2022,1:19 AM,4.03,Delta,994.94
9552,,BDU,11/20/2022,,4/1/2021,10:46 PM,17.04,Lufthansa,369.93
1638,BTF,BKY,3/29/2021,6:29 PM,4/3/2021,,6.2,Lufthansa,194.02
6104,QJB,GWL,11/1/2021,7:35 PM,4/14/2021,3:10 PM,5.04,Air France,974.51
8545,UAQ,ALC,7/19/2022,,4/14/2022,6:50 PM,20.99,British Airways,674.98
4915,OYE,RUU,7/30/2021,8:18 PM,4/27/2021,9:42 PM,4.88,Southwest,505.26
4659,MYB,KZO,3/28/2021,6:50 PM,9/24/2021,5:46 PM,9.04,Southwest,627.74
9518,DBS,LAA,11/27/2021,11:23 AM,12/7/2021,2:55 PM,19.61,United,723.87
4579,JAG,TAT,9/12/2021,11:19 PM,7/30/2022,10:35 PM,11.55,Southwest,598.79
9643,HGU,YBS,,,6/13/2022,7:22 PM,22.65,JetBlue,516.51
6429,SSH,MVD,4/18/2022,9:22 AM,10/16/2022,11:03 PM,12.86,Lufthansa,507.6
7236,VCH,,9/30/2022,6:28 AM,4/9/2021,2:31 AM,17.31,JetBlue,244.19
2939,BLX,IXV,10/10/2021,10:18 AM,1/16/2021,10:48 AM,20.92,,356.53
5658,MDU,GVR,12/5/2021,8:25 AM,12/1/2022,11:48 AM,13.14,United,780.83
8555,VLE,FRB,,8:19 PM,4/17/2022,9:12 PM,5.3,Delta,711.51
8186,NAU,PHT,12/23/2022,9:51 PM,7/24/2021,7:27 PM,2.71,,225.93
7876,SSC,MRH,12/15/2021,4:53 AM,1/2/2022,5:54 AM,4.7,Lufthansa,964.76
2106,WLA,AKB,2/6/2022,,3/8 2021,3 2 AM,10.58,Air France,
7842,VIX,BVF,3/3/2021,3:44 PM,,4:31 AM,1.08,JetBlue,60.98
8988,GWL,BTR,10/9/2022,8:30 PM,12/24/2021,5:01 PM,19.72,British Airways,461.09
2644,YUB,CKL,6/1/2021,7:34 AM,5/22/2021,1:48 PM,1.67,Qatar Airways,239.71
6429,NMT,BMT,10/12/2021,7:49 PM,2/22/2022,6:56 PM,3.23,United,696.16
6863,BCB,OCH,6/25/2021,1:04 PM,3/19/2022,9:41 AM,14.26,American,886.5
4835,AAB,MMS,1/2/2022,8:25 AM,7/25/2021,8:56 PM,10.65,American,211.38
8605,MGH,SVV,2/13/2021,,8/24/2022,1:53 AM,18.25,American,901.49
1481,MTS,DHF,9/6/2021,5:09 PM,10/30/2021,3:32 AM,20.66,British Airways,371.42
,IFU,BCA,1/22/2022,4:29 PM,3/8/2021,6:20 AM,21.31,British Airways,365.21
7840,AXT,KKK,2/18/2021,12:54 AM,5/20/2021,5:46 AM,3.62,United,161.73
9644,CDA,PRD,2/21/2022,6:09 PM,8/3/2022,3:15 AM,15.45,United,61.55
6630,SEF,VVI,10/27/2021,5:48 PM,9/25/2021,3:02 AM,1.22,Delta,987.9
,IPE,CYM,9/26/2021,5:31 PM,9/10/2022,7:56 PM,10.36,JetBlue,817.57
5664,BIW,LIW,1/9/2022,10:17 PM,5/28/2022,2:41 AM,13.77,JetBlue,180.68
8597,WAW,CHQ,1/21/2021,,10/14/2021,3:58 PM,12.72,Southwest,253.1
,LJU,ULA,9/2/2021,3:38 AM,7/7/2022,10:42 PM,12.36,American,751.78
3893,TZM,LTP,11/29/2021,7:43 PM,8/12/2021,4:46 AM,23.95,Emirates,277.48
,INA,BDV,6/25/2022,7:42 PM,9/3/2021,2:01 AM,15.94,Delta,625.16
,YRO,AIL,10/8/2021,10:53 AM,7/21/2021,9:52 AM,10.24,JetBlue,206.97
2952,RMT,ABX,8/13/2021,12:18 PM,2/24/2022,10:28 AM,5.46,United,749.21
3953,VSA,UVE,11/8/2021,1:39 AM,1/20/2022,5:08 PM,7.98,Emirates,885.23
5245,OHO,RDA,7/16/2021,5:52 AM,1/7/2021,,11.85,Southwest,792.66
5052,,ROH,4/10/2022,10:42 PM,3/8/2022,2:08 AM,17.36,Emirates,878.71
3243,ZTB,CUI,2/5/2021,11:51 PM,9/11/2022,1:08 PM,10.01,Qatar Airways,903.8
7810,XAR,PRZ,11/18/2022,8:05 PM,3/18/2022,2:43 AM,20.65,Delta,753.2
1980,RCN,WUV,5/8/2021,2:38 AM,8/19/2022,3:37 AM,15.57,British Airways,382.55
,BYJ,SSV,8/25/2021,9:05 PM,10/3/2022,6:48 PM,10.37,Delta,753.19
6327,LES,MZK,3/4/2021,7:06 PM,4/26/2021,2:11 AM,23.47,JetBlue,789.5
3903,DBV,SHB,11/18/2021,5:49 PM,7/4/2021,2:33 AM,3.91,United,559.93
4717,CAJ,OTK,,6:04 PM,11/9/2022,4:16 AM,15.53,United,489.19
4448,BKE,USS,11/2/2021,11:46 PM,12/21/2021,12:59 PM,19.63,Qatar Airways,
6945,TYF,HEH,5/18/2021,2:17 PM,2/6/2022,2:04 AM,12 09,British Airways,457.8
1958,CRH,RTI,2/12/2022,3:23 AM,8/25/2021,12:18 PM,12.45,JetBlue,713.31
8473,BVM,CSV,4/10/2021,8:00 AM,8/5/2021,2:36 PM,10.54,Southwest,558.35
5346,PKX,LEJ,8/4/2021,1:52 AM,11/14/2021,1:45 AM,2.64,Delta,392.16
3055,ATT,XIC,10/1/2021,6:46 AM,9/15/2021,6:23 AM,2.92,United,
7339,HMG,,2/16/2021,12:08 PM,1/29/2021,1:22 AM,6.05,Delta,752.77
5639,RSS,LGP,1/18/2021,5:39 PM,9/6/2022,3:27 PM,9.99,American,578.15
1091,CAD,YDT,8/9/2022,3:14 PM,1/6/2021,2:02 PM,8.85,Qatar Airways,323.75
9872,BLC,ESO,,12:23 PM,9/19/2022,12:41 AM,2.85,British Airways,943.81
1480,GFO,NKX,9/13/2022,2:35 PM,8/21/2021,1:23 AM,12.31,Southwest,443.59
4716,DVT,MVO,12/27/2022,1:13 AM,5/22/2022,10:10 AM,2.61,United,854.16
6951,TJK,AAB,6/15/2021,7:18 PM,1/17/2022,1:17 AM,18.96,United,768.24
9259,PVS,OOK,10/26/2021,8:25 PM,12/8/2022,2:18 PM,1.68,Lufthansa,775.71
1319,YZS,TLL,1/7/2022,12:16 AM,11/14/2022,1:35 AM,5.96,Delta,915.83
9850,RUA,BHI,1/1/2021,6:32 AM,5/24/2022,7:32 AM,7.1,Emirates,641.19
2826,TBQ,YAZ,4/23/2022,4:57 PM,12/19/2022,6:19 AM,21.17,British Airways,685.53
1249,MIU,VSG,10/20/2021,11:35 PM,,5:35 PM,4.09,,658.48
,MXP,LHG,7/17/2022,9:07 AM,9/16/2022,11:28 AM,9.64,Lufthansa,517.36
7929,PLT,YCH,,5:38 AM,9/30/2021,5:55 AM,1.15,Delta,131.57
5738,NOK,KMM,6/5/2021,6:35 AM,9/7/2022,11:33 PM,8.66,Qatar Airways,532.88
1671,NKI,CLQ,8/23/2022,1:07 AM,9/7/2022,7:05 PM,21.18,Air France,804.0
3223,TKB,PRX,5/12/2021,11:54 AM,10/21/2021,3:47 AM,1.03,British Airways,238.32
9749,FSL,MHI,4/23/2022,12:17 AM,3/6/2022,9:31 AM,13.64,Emirates,134.69
7454,UAX,PWK,8/9/2022,11:56 PM,4/25/2021,7:07 AM,10.7,Emir ates,459.01
8478,,ASC,4/25/2021,9:17 PM,4/12/2021,6:01 PM,12.73,Delta,943.35
8003,,VRY,8/2/2021,4:56 PM,10/18/2022,12:05 AM,20.28,Lufthansa,924.8
4690,ZTU,XCZ,10/29/2021,,5/7/2022,6:43 PM,2.12,American,734.0
8568,PIL,KRS,,10:02 AM,8/19/2022,7:22 AM,17.71,Lufthansa,599.75
3468,FYV,GEA,8/25/2022,9:55 PM,11/19/2022,6:23 PM,18.4,Qatar Airways,807.88
7423,AHJ,JEG,,9:03 AM,10/10/2021,7:20 PM,8.17,Qatar Airways,551.72
4491,REA,SLW,8/24/2022,5:34 PM,5/14/2021,4:51 AM,17.69,American,823.5
7973,HIL,ITR,4/17/2022,10:37 PM,8/14/2022,5:50 AM,10.86,American,434.4
2622,BGW,,3/17/2022,1:23 PM,12/22/2022,4:19 PM,16.28,Qatar Airways,763.65
6919,DQA,SJQ,5/15/2022,7:30 AM,7/27/2022,12:07 PM,14.03,Delta,306.14
8960,JEG,SDN,12/21/2022,11:52 AM,12/27/2022,9:00 AM,11.07,Southwest,230.88
8671,KKB,YQL,4/29/2021,12:03 PM,8/28/2021,10:51 PM,16.6,British Airways,956.94
5846,TOX,,2/23/2021,7:44 AM,4/1/2022,9:47 PM,3.82,Southwest,131.0
6637,LCR,GDM,5/27/2021,5:26 PM,6/24/2021,6:42 PM,11.77,Emirates,526.63
8371,YKT,ZCL,10/9/2022,3:04 AM,8/20/2022,3:07 PM,12.82,Air France,234.66
6537,BTH,YHE,1/29/2022,8:03 PM,,11:25 AM,18.15,British Airways,
8957,AVR,EWY,6/11/2022,11:58 AM,2/25/2021,10:02 PM,2.5,JetBlue,503.18
5494,YLC,SUD,9/28/2022,,7/4/2022,2:53 PM,23.38,United,
8442,,MIU,7/23/2022,12:54 AM,12/24/2022,11:55 PM,6.7,Emirates,366.39
1609,APH,0,12/21/2022,6:43 AM,10/9/2022,7:30 AM,18.66,Southwest,744.24
7088,,LYK,6/7/2022,6:03 AM,12/29/2022,12:18 PM,4.1,,268.49
8789,HSI,FOK,11/1/2021,6:50 AM,10/17/2021,6:07 PM,15.82,American,689.75
4567,CAV,OND,7/28/2022,1:26 AM,4/14/2021,5:27 PM,14.26,Delta,929.99
4088,YHY,WRE,,2:22 PM,11/22/2021,4:29 AM,3.41,Southwest,343.4
4474,,OND,8/1/2021,4:33 AM,11/23/2021,7:35 PM,20.66,Delta,753.16
9671,TQN,TSU,1/11/2021,4:22 PM,11/7/2022,7:30 PM,22.72,Lufthansa,727.45
5417,YQB,ROA,9/6/2021,2:53 PM,11/13/2022,1:30 PM,9.18,,
7522,RIN,DNQ,12/1/2022,12:55 PM,4/4/2022,5:59 AM,23.07,British Airways,218.2
5164,HUJ,GRK,5/14/2021,11:39 AM,5/19/2021,10:19 AM,20.94,JetBlue,178.11
4396,,KTQ,10/13/2021,11:24 PM,1/16/2021,1:05 PM,9.42,Southwest,829.09
8576,,MNK,2/11/2021,2:10 PM,1/27/2022,9:23 PM,13.29,Delta,156.29
1320,PZL,RPM,8/21/2021,2:50 PM,1/12/2021,11:55 PM,5.64,JetBlue,597.48
5815,GLT,PVL,1/8/2021,1:18 AM,4/8/2021,5:05 PM,5.22,Air France,408.92
2895,YRO,,11/28/2022,8:52 PM,10/6/2021,6:59 AM,14.63,Qatar Airways,702.32
2297,GES,FMG,10/1/2022,11:16 AM,4/26/2022,8:10 AM,1.39,United,787.74
3022,WRT,GNR,10/20/2022,5:19 PM,1/31/2021,6:14 AM,15.2,JetBlue,90.63
3042,TRE,YMG,5/26/2021,11:42 PM,5/12/2022,8:58 AM,18.62,Lufthansa,87.75
3598,VCA,LLA,1/7/2021,6:11 PM,4/29/2021,12:28 PM,13.44,Qatar Airways,540.35
2615,TUC,ACU,12/2/2021,8:06 AM,1/13/2021,9:49 PM,18.53,British Airways,903.17
7963,AML,WAR,8/9/2022,8:56 AM,8/5/2021,7:46 PM,22.56,American,
4055,QNC,XBN,11/15/2021,10:08 PM,8/15/2022,1:14 AM,,United,133.51
6099,PAL,LZU,1/8/2021,8:21 AM,11/24/2021,8:29 PM,10.66,American,282.55
4675,CIZ,TRB,6/6/2022,8:55 PM,7/28/2021,6:13 AM,23.44,American,203.83
1082,YOW,KKQ,1/31/2022,6:36 AM,8/31/2022,9:03 PM,16.05,Air France,279.73
2367,HBU,CKX,3/30/2021,11:04 PM,10/18/2022,12:09 AM,17.99,Qatar Airways,777.25
2299,MDO,MNP,11/10/2022,6:15 AM,9/8/2022,6:52 AM,18.86,British Airways,811.33
1417,HER,UBJ,,7:04 PM,8/29/2022,10:57 AM,11.78,Air France,108.55
8146,YCU,KNZ,5/12/2022,9:29 AM,10/24/2022,11:50 AM,7.73,Emirates,893.68
6170,BEK,MXG,1/25/2021,6:26 AM,3/21/2022,12:40 AM,12.08,United,687.72
9852,MYT,ESE,9/29/2022,3:41 PM,4/5/2022,12:36 PM,14.3,British Airways,103.88
1528,BZH,LDG,10/5/2021,4:10 PM,12/30/2021,8:59 PM,3.93,Lufthansa,187.09
4466,NSL,CUJ,9/9/2021,12:04 AM,5/26/2021,11:17 PM,1.97,Air France,467.76
6181,XKY,ANY,10/2/2022,12:53 AM,12/3/2021,1:52 AM,2.08,United,616.05
4589,QUG,LVO,5/27/2022,,12/6/2022,11:14 PM,16.86,American,176.91
1511,VIN,MUX,2/1/2022,9:10 PM,8/14/2021,5:29 PM,19.46,Lufthansa,513.09
5075,KEC,,11/28/2022,5:21 PM,7/4/2022,3:28 AM,,Air France,377.74
9021,HMJ,HSJ,2/28/2021,7:31 AM,9/27/2021,12:48 PM,13.61,Air France,447.89
8238,ZBR,YKT,5/22/2022,6:19 AM,12/28/2021,7:14 PM,21.73,British Airways,258.64
1081,LLI,NEJ,2/15/2021,7:22 AM,6/27/2021,7:54 PM,7.12,United,230.84
2653,,SGI,5/3/2021,6:53 AM,1/25/2022,3:19 AM,18.19,British Airways,647.17
4807,MGF,PSU,11/28/2021,9:21 AM,7/13/2021,3:30 AM,19.79,Lufthansa,235.14
6897,SYH,PRO,2/25/2021,12:33 PM,10/18/2021,12:59 AM,13.64,Southwest,596.2
6638,FKB,OKP,,4:58 PM,,3:31 AM,17.82,Lufthansa,294.07
1977,UKI,TZX,7/5/2021,6:10 PM,4/3/2022,6:08 AM,4.24,Air France,646.12
4524,,G HB,2/26/2022,12:42 PM,5/24/2022,12:17 AM,4.13,Qatar Airways,857.03
6098,HOK,RGO,1/30/2022,9:19 AM,8/10/2021,2:23 PM,14.34,Qatar Airways,804.26
1036,UBI,MTB,9/30/2021,8:36 PM,9/1/2021,1:16 PM,13.75,United,492.68
,OUE,BFQ,11/9/2022,4:19 AM,2/17/2022,1:17 AM,7.13,British Airways,715.66
3515,NDE,PUC,12/11/2022,4:04 PM,4/27/2021,2:37 PM,5.88,Delta,96.2
8365,SYW,ULB,9/26/2022,5:26 PM,1/15/2022,4:22 AM,9.17,British Airways,627.09
9296,NYW,MYL,9/4/2022,6:10 PM,6/23/2022,5:33 PM,19.5,Emirates,515.53
9006,SAS,EPU,7/12/2021,9:08 PM,10/19/2021,11:08 PM,12.91,Emirates,157.57
1249,MBW,WVK,11/15/2021,8:13 PM,11/13/2021,8:24 PM,1.28,Air France,898.39
3452,ALB,TUU,9/14/2021,2:38 PM,8/4/2021,2:03 PM,22.82,JetBlue,727.9
5454,BNI,NDJ,12/1/2022,1:23 PM,1/17/2021,10:32 AM,15.63,,692.82
1102,WJR,IXC,10/15/2021,,12/31/2021,5:38 PM,21.93,United,351.04
6715,YAG,SWG,9/11/2021,9:06 AM,7/19/2022,7:37 PM,12.3,Emirates,799.42
6266,NLO,EMS,7/12/2022,1:50 AM,8/6/2021,7:21 PM,18.78,Southwest,
7339,TUH,DLU,3/26/2022,4:29 AM,10/3/2021,6:22 AM,6.13,,730.19
4021,YLD,ERL,4/26/2021,7:10 PM,10/5/2021,3:19 PM,12.08,Qatar Airways,506.86
6541,IZA,SHF,2/18/2021,9:33 PM,8/16/2022,11:47 PM,4.6,Delta,418.66
1988,RDM,PNR,1/27/2021,9:06 PM,2/10/2021,10:03 PM,21.14,JetBlue,985.63
3424,AHS,KER,5/27/2021,1:56 PM,4/10/2022,4:20 AM,,JetBlue,483.04
3019,RAT,OLF,2/27/2021,6:46 AM,7/11/2022,7:52 AM,20.07,British Airways,131.88
8831,MEV,LBL,7/10/2021,2:51 AM,8/16/2022,12:02 AM,2.48,American,
8202,KLK,KOV,12/29/2021,10:27 PM,6/21/2021,1:02 AM,5.61,Southwest,944.97
6838,PBI,LAA,1/25/2021,12:49 AM,11/19/2022,11:01 PM,11.01,Southwest,276.5
8421,BQA,WJU,2/5/2022,2:11 AM,3/1/2022,5:22 AM,15.97,British Airways,466.23
4523,TSP,SUY,2/20/2022,3:07 AM,3/20/2021,2:20 AM,1.87,Emirates,855.65
9320,HII,KCK, 10 /15/2021,9:26 AM,1/15/2021,12:13 AM,17.96,,895.15
7893,RNZ,GMN,3/6/2022,12:51 AM,4/16/2022,,23.24,American,881.08
9259,SUY,,1/14/2022,8:09 AM,2/15/2022,10:16 PM,7.38,Qatar Airways,264.9
5359,RHE,KRN,2/5/2022,3:59 PM,5/1/2021,1:52 AM,2.72,JetBlue,274.27
5407,PPB,UMM,5/23/2022,7:54 AM,7/12/2021,5:10 PM,,United,177.27
2462,KNX,ARF,9/19/2021,12:28 AM,1/27/2022,1:53 PM,9.71,Southwest,487.78
7813,CCT,,10/20/2022,10:57 PM,9/28/2021,9:05 AM,12.47,United,457.24
3707,YON,ANJ,2/15/2021,11:39 AM,11/29/2022,10:37 AM,5.48,Emirates,587.95
1383,DHA,,2/2/2021,3:39 PM,3/18/2022,10:52 PM,6.34,Southwest,637.11
5203,VIX,NFL,10/21/2021,8:38 AM,3/17/2022,7:34 AM,18.3,Southwest,552.8
9814,CHY,HTZ,,,12/12/2022,10:15 PM,9.53,American,497.82
7533,FRY,TNQ,3/19/2021,4:45 PM,4/9/2021,4:50 PM,19.93,JetBlue,419.41
5157,QDB,ARJ,11/24/2021,5:49 AM,3/7/2022,3:13 AM,14.64,United,500.56
4636,,CHR,11/26/2021,5:35 AM,10/11/2022,8:42 PM,6.7,American,763.82
9934,BLT,HAT,6/16/2021,9:13 PM,10/20/2021,8:37 AM,18.95,JetBlue,765.19
1606,NYK,WLR,3/12/2021,7:42 AM,7/18/2022,11:47 PM,23.41,Delta,508.28
7453,EIN,GRN,3/15/2022,7:01 PM,7/3/2022,11:47 AM,16.74,,335.44
1659,OGZ,AYO,,11:07 PM,6/16/2022,6:21 PM,10.86,British Airways,511.51
8738,GDJ,SHG,8/13/2021,6:58 AM,8/25/2022,1:20 AM,20.08,Qatar Airways,199.03
4502,BGL,SCS,6/2/2022,2:17 AM,10/9/2022,7:04 AM,8.24,Air France,
2553,CRZ,AOO,8/24/2021,4:41 AM,5/24/2021,1:43 PM,20.66,JetBlue,662.23
4259,SLS,KDP,1/14/2022,4:39 PM,9/26/2022,7:02 PM,8.87,United,332.63
9173,BDH,GTK,10/23/2021,9:31 PM,4/25/2022,8:03 AM,1.19,Lufthansa,
4001,HGE,OKE,7/25/2022,3:10 AM,11/24/2022,3:52 AM,10.84,American,782.07
3488,BRY,PCA,6/17/2022,11:34 AM,1/18/2021,3:36 PM,11.82,American,606.27
2621,MZV,LLF,7/27/2022,2:15 AM,11/1/2022,12:16 AM,21.43,Emi rates,74.27
2795,HPT,CUG,5/31/2021,1:39 AM,1/20/2021,7:46 PM,17.97,American,671.62
8659,VIE,IMN,12/20/2022,,1/3/2022,7:06 AM,17.33,United,824.26
7773,VUU,DAD,7/10/2021,1:55 PM,12/14/2021,12:25 AM,21.01,JetBlue,
1236,AHH,YYN,7/6/2022,,4/10/2021,10:31 AM,11.69,American,851.53
2673,YRQ,GPD,4/30/2022,5:12 PM,8/8/2022,3:21 PM,16.4,JetBlue,
4763,COH,MCI,8/23/2022,10:28 PM,7/12/2022,3:26 AM,7.55,American,505.54
5897,VPZ,BZD,11/30/2022,3:15 PM,12/30/2021,1:20 AM,20.95,British Airways,56.58
7208,LUZ,CDP,3/1/2021,4:57 PM,9/18/2022,3:26 AM,2.8,,522.12
1041,PNB,ITB,9/20/2022,5:46 PM,8/29/2021,4:40 AM,4.0,Delta,86.77
8723,NWT,API,7/20/2021,6:10 PM,11/5/2022,4:33 AM,1.88,Qatar Airways,
2151,CTS,APO,1/8/2022,6:29 AM,11/26/2021,1:15 PM,20.25,Air France,659.6
9552,0,RNI,4/21/2022,8:34 AM,6/24/2021,8:35 PM,18.61,Emirates,439.95
8044,YLG,AOT,3/30/2021,1:26 AM,7/9/2022,12:06 PM,6.91,Delta,185.04
3579,ING,HSB,4/14/2022,5:43 PM,11/23/2022,3:01 PM,17.3,Lufthansa,202.98
5523,ZEG,BSM,3/30/2022,1:01 PM,10/29/2022,9:28 AM,2.62,Lufthansa,733.49
9719,HSC,JPA,3/16/2021,7:18 PM,10/23/2022,,12.43,Southwest,117.94
9216,HEE,VPZ,11/23/2022,4:24 AM,12/14/2021,7:19 AM,22.33,American,515.2
6615,ICA,WED,12/3/2022,3:19 AM,11/18/2021,7:43 AM,9.81,Air France,247.0
1523,IWD,WMN,11/13/2021,5:05 AM,9/10/2022,3:38 AM,8.2,United,756.08
7977,CPO,GHU,12/5/2021,10:54 PM,1/11/2021,4:12 AM,8.34,Qatar Airways,269.31
7938,,IFA,9/23/2022,11:02 PM,3/30/2021,5:42 AM,13/64,JetBlue,966.33
2099,EMY,NNA,4/28/2021,10:38 PM,7/19/2022,6:39 AM,3.44,United,59.18
8745,BDL,SCM,10/13/2022,12:58 PM,7/23/2022,1:31 AM,1.38,British Airways,881.91
4814,ADZ,LUD,2/6/2022,11:38 AM,4/6/2022,4:04 AM,10.26,Air France,813.79
6402,SPR,AIN,12/19/2022,7:51 PM,6/26/2022,2:13 PM,16.06,United,839.07
1841,DAL,BFD,5/30/2021,10:42 AM,6/8/2022,7:15 PM,19.42,Qatar Airways,224.37
9838,KWL,IQM,10/15/2022,1:38 PM,9/28/2021,6:53 AM,6.27,JetBlue,
8958,OHT,IMB,6/20/2021,2:50 AM,8/21/2022,7:19 PM,,Air France,541.03
2747,ALS,TZR,11/27/2022,10:32 PM,7/10/2021,5:13 AM,23.76,,248.92
3156,EPA,MQS,1/11/2021,9:39 PM,3/20/2022,2:54 PM,7.0,JetBlue,513.81
6312,,BLN,4/27/2021,3:33 PM,7/1/2021,3:33 PM,20.32,Qatar Airways,809.18
4201,MLW,GTN,8/23/2022,11:13 PM,4/28/2021,5:51 AM,16.78,JetBlue,274.44
9613,AJK,CNG,9/8/2021,8:06 AM,12/25/2022,7:41 PM,15.09,Qatar Airways,956.99
5013,BND,IRK,1/1/2022,11:04 PM,12/28/2022,,7.38,Air France,654.09
9275,DUK,WRE,7/8/2022,2:40 AM,11/14/2021,10:53 PM,15.17,Emirates?,929.74
8579,JUN,LGE,5/18/2021,7:35 PM,2/21/2022,1:18 PM,8.98,Southwest,960.75
9013,KSV,,10/23/2021,9:19 PM,4/23/2022,6:48 AM,19.5,United,355.17
8142,SFR,ACY,,9:08 PM,10/26/2022,2:27 PM,1.54,United,917.47
4033,XXN,TTO,3/10/2021,12:22 PM,2/18/2022,7:44 PM,9.38,United,473.6
8253,,TOL,,6:55 PM,4/13/2021,3:31 AM,11.31,British Airways,995.8
9714,ASU,PCV,7/21/2021,7:43 PM,3/18/2021,7:48 AM,15.21,Lufthansa,
,AFN,,,11:16 AM,12/2/2022,3:52 AM,21.11,British Airways,173.09
1186,LSF,HUT,6/4/2021,4:25 PM,8/7/2022,1:04 AM,,Air France,771.38
7253,LDY,YAM,4/7/2021,9:49 PM,7/25/2021,3:55 PM,4.93,Southwest,396.77
1125,BKT,,8/17/2021,7:39 PM,6/29/2021,5:28 AM,,Air France,707.13
8580,BQQ,APT,11/14/2022,5:52 PM,6/13/2022,10:35 AM,19.85,Delta,505.7
3512,XRY,NPR,1/19/2022,3:39 PM,11/14/2022,7:08 AM,22.19,British Airways,
4517,ANH,GMO,6/2/2021,,,2:45 AM,6.92,American,344.45
,KVM,VLK,2/21/2021,11:41 AM,11/13/2021,9:03 PM,15.3,JetBlue,
2712,ZPB,RDP,1/20/2021,8:47 AM,4/9/2021,6:02 AM,13.91,JetBlue,51.28
2602,HBH,ATF,8/25/2021,,7/1/2022,,1.87,British Airways,803.72
4283,UGN,LID,5/6/2021,,8/4/2022,11:31 PM,2.16,Delta,269.77
7025,,NDS,1/28/2022,8:34 AM,,5:45 AM,8.6,JetBlue,107.93
5327,ZLT,BKY,12/4/2021,2:54 AM,3/29/2022,8:42 AM,1.64,American,121.91
1559,,QHU,1/10/2021,10:43 PM,5/9/2022,10:56 PM,5.42,Lufthansa,438.23
7949,HVS,AIW,12/12/2021,11:04 PM,8/2/2021,1:14 AM,5.14,Lufthansa,428.09
4219,ORZ,HIT,8/14/2022,8:33 AM,8/31/2022,3:43 PM,23.1,Delta,517.92
3394,PBV,XMN,,6:40 PM,9/24/2022,8:51 AM,5.9,American,728.56
3136,RYB,JUA,10/20/2022,4:15 AM,7/5/2021,1:28 AM,7.03,Air France,78.72
4173,VLR,XSP,3/19/2021,10:40 PM,8/4/2021,2:08 AM,15.39,JetBlue,407.23
7415,WSD,,4/29/2021,11:56 AM,6/12/2021,6:28 AM,8.65,Qatar Airways,285.51
9873,CGX,YAU,1/14/2021,3:10 AM,10/23/2022,8:06 AM,7.91,Delta,561.03
4543,XNT,RHD,11/19/2022,5:07 AM,11/18/2021,10:13 PM,7.7,Delta,358.73
2550,KSM,MSI,5/17/2021,,8/30/2022,12:49 PM,5.53,British Airways,999.48
1557,TAJ,LME,10/25/2022,8:48 PM,11/22/2021,3:26 AM,11.18,Emirates,786.89
4935,EBH,,12/11/2021,8:56 AM,4/11/2021,3:50 PM,15.81,American,199.93
2031,PHK,ITI,5/6/2021,12:49 PM,1/5/2021,3:19 AM,16.82,Qatar Airways,310.22
1222,WON,BTW,9/18/2022,,2/13/2021,1:58 AM,19.94,Lufthansa,256.78
8328,TNH,ICN,8/2/2022,,1/19/2021,5:56 PM,8.08,,312.34
,KSS,JIU,10/31/2021,12:36 PM,8/22/2021,5:06 PM,15.24,United,871.46
2154,CNI,PNR,9/6/2021,7:09 AM,10/16/2022,9:24 PM,15.6,United,624.14
1044,KWT,BKY,11/10/2021,2:26 PM,7/22/2021,1:40 AM,15.05,United,241.67
,MBE,CTI,10/21/2021,7:26 AM,5/25/2022,2:54 AM,14.87,United,522.16
8158,PTK,AML,11/19/2021,11:13 PM,2/25/2022,3:30 AM,5.15,British Airways,826.55
7640,,EKT,7/6/2021,6:52 AM,12/4/2022,10:40 PM,5.15,Qatar Airways,800.62
,,AFY,8/20/2022,11:22 PM,5/23/2021,3:15 PM,18.4,American,653.76
8265,KAM,KTL,12/1/2022,9:49 AM,8/24/2021,5:38 AM,19.71,JetBlue,327.74
,RKV,BDA,7/12/2022,5:44 PM,10/15/2021,,9.08,Southwest,473.99
7891,FIN,XMG,8/12/2022,4:17 PM,3/25/2021,6:03 AM,2.64,Delta,793.11
6341,OGE,KHY,,5:47 AM,2/1/2022,11:06 AM,16.69,Air France,354.95
5069,BJF,DVD,1/1/2022,1:28 AM,8/11/2021,3:22 AM,2.95,Air France,75.38
8151,SMH,TLZ,4/19/2022,12:52 AM,5/4/2021,12:11 PM,11.73,British Airways,594.69
4289,ANB,ARB,6/4/2022,5 51 PM,4/13/2021,12:26 PM,22.4,Emir ates,566.58
7746,OTP,TRQ,6/6/2021,3:32 AM,10/14/2022,5 38 PM,16.82,United,736.21
1231,SJI,WCA,8/3/2022,2:42 PM,8/27/2021,8:29 AM,18.69,Air France,105.73
9157,FMS,VEV,6/29/2022,8:41 PM,2/6/2022,12:22 PM,13.46,United,534.25
1106,SLT,CYI,6/7/2022,11:34 PM,,11:45 AM,5.37,Qatar Airways,727.94
9466,SKA,SOM,4/12/2022,10:49 PM,6/16/2021,3:16 AM,3.53,Air France,716.56
6614,BGT,GUH,6/28/2022,9:20 PM,3/22/2021,12:08 PM,14.77,British Airways,836.55
1104,PKE,YBV,11/21/2021,5:05 AM,10/20/2022,11:48 PM,17.55,Southwest,274.09
4873,YTF,OBO,5/26/2021,9:17 AM,5/13/2021,9:09 AM,5.94,Southwest,672.38
9586,BTP,PSA,5/30/2021,9:34 PM,4/15/2021,4:00 AM,23.7,Air France,138.81
2937,FRO,ENF,5/25/2022,2:13 AM,2/18/2022,7:17 PM,17.38,Air France,850.66
8593,OAL,PGD,1/20/2022,,12/12/2022,11:00 AM,12.49,Qatar Airways,669.48
8778,SOB,SNL,11/10/2022,6:21 PM,9/7/2021,6:12 AM,1.23,Lufthansa,219.82
6828,NIB,OHS,11/25/2022,6:03 AM,1/21/2021,3:49 PM,5.0,Emirates,
2700,JIN,JTR,3/20/2022,5:19 PM,12/17/2021,6:54 AM,14.88,JetBlue,858.31
7585,CVM,WDR,3/17/2022,7:50 AM,2/15/2022,9:02 PM,20.72,Qatar Airways,453.42
8142,LHC,RRG,1/13/2022,1:07 PM,11/23/2022,5:02 PM,23.37,Southwest,211.71
6025,SAK,JOE,6/30/2021,10:53 AM,8/11/2021,9:27 PM,21.02,United,624.31
6568,,CEB,4/24/2022,1:31 PM,3/3/2021,1:20 AM,22.41,United,376.35
7835,NTE,BCX,1/10/2022,12:55 AM,1/6/2021,10:32 PM,7.96,British Airways,620.43
7361,LRT,MPU,11/7/2021,,9/5/2021,10:49 AM,7.08,Lufthansa,157.92
3069,VCH,,5/29/2021,2:16 PM,6/7/2022,10:04 PM,13.47,United,194.41
9214,LGH,GCC,12/15/2022,11:16 PM,11/16/2021,10:13 PM,10.66,British Airways,485.91
1566,YJP,IUL,9/22/2021,11:49 AM,3/16/2021,7:36 PM,14.08,Air France,373.57
9525,LBC,BWY,6/22/2021,,1/12/2022,12:35 PM,21.81,United,449.19
8759,AIF,MWQ,8/29/2022,4:01 PM,2/2/2021,3:07 PM,16.32,Qatar Airways,919.28
6004,AEB,DLL,,3:49 AM,1/2/2021,9:10 PM,18.47,Emirates,258.57
9975,PSX,CDJ,12/19/2021,11:22 PM,5/23/2022,4:40 PM,20.21,British Airways,993.14
4960,JOK,PSG,3/7/2021,12:29 AM,1/5/2021,8:16 PM,8.75,Lufthansa,776.09
2613,LDY,RET,5/30/2022,12:46 AM,8/29/2022,1:42 PM,21.35,United,869.75
7190,BCG,,2/2/2022,11:33 PM,5/17/2021,10:06 PM,4.25,Qatar Airways,319.03
4873,,,12/14/2021,2:30 PM,5/9/2021,4:08 AM,10.26,American,356.24
5472,UPB,OFJ,5/5/2022,12:17 AM,4/6/2022,3:33 AM,19.67,Delta,90.58
6204,PML,CLX,5/8/2021,7:20 AM,7/18/2022,3:29 AM,13.52,United,913.51
1176,RGI,MZB,1/12/2022,,11/27/2021,1:23 PM,4.15,JetBlue,436.7
8813,KYI,UTU,4/9/2022,8:46 AM,6/30/2022,11:49 AM,22.67,Southwest,170.12
5023,UNG,WHS,5/31/2021,6:38 AM,7/26/2021,4:53 PM,12.6,United,701.09
4170,LAZ,,7/18/2022,1:26 PM,10/9/2022,4:51 PM,18.78,JetBlue,995.23
9860,PMH,RPN,4/17/2022,2:58 PM,8/12/2021,9:38 AM,1.98,Emirates,951.49
5051,BNW,NBL,8/27/2021,9:03 AM,8/16/2021,3:40 AM,6.77,Air France,306.67
7031,IBE,ISB,,2:26 PM,1/16/2022,9:14 PM,3.2,Qatar Airways,305.21
5460,OFI,SZV,7/10/2022,4:22 AM,2/20/2021,7:00 PM,1.71,JetBlue,433.8
3234,PRV,CMI,11/15/2021,11:41 AM,4/26/2022,9:52 AM,14.18,Air France,855.49
3074,YCB,BSD,1/5/2022,,9/6/2022,10:22 PM,8.92,Lufthansa,233.47
9102,MAI,TIN,1/6/2021,12:08 PM,5/24/2021,3:35 AM,10.98,Southwest,981.41
1399,EKX,IHC,9/25/2021,2:19 AM,4/11/2021,10:28 AM,7.69,United,787.18
9203,GBR,KCK,1/7/2021,5:55 PM,11/8/2022,7:13 AM,18.58,Air France,986.9
9058,SZE,GUQ,6/25/2021,1:33 AM,1/13/2022,12:47 AM,18.25,Lufthansa,951.09
8326,DYM,UVA,10/3/2021,3:30 PM,4/4/2022,9:22 PM,15.09,Qatar Airways,121.89
9058,SIP,RIE,9/20/2022,,4/12/2021,12:28 PM,23.24,Emirates,409.19
1729,IKK,YHE,,2:39 AM,6/15/2021,10:16 AM,7.67,American,95.68
7829,CXM,YPZ,10/27/2021,12:48 PM,6/13/2022,7:05 AM,1.78,Emirates,458.14
7822,MWO,UYL,3/29/2022,8:29 AM,12/13/2022,8:27 PM,19.75,Lufthansa,135.62
8516,SXV,NYO,,1:14 PM,3/9/2022,11:43 PM,6.72,Emirates,645.2
,MBK,ULX,8/19/2021,10:16 PM,12/11/2021,11:53 PM,16.53,Delta,
3879,VAN,DBO,4/24/2021,12:45 AM,4/4/2022,9:11 AM,22.37,Emirates,145.51
6071,HTI,LJG,10/27/2021,8:34 PM,8/8/2021,9:06 AM,16.56,Southwest,928.96
2472,TWZ,HBB,5/19/2021,7:24 PM,8/14/2021,1:52 AM,4.04,Emirates,937.2
6160,OBD,BVE,9/20/2022,7:41 AM,8/22/2022,1:32 PM,15.72,Emirates,798.03
7430,KHY,CVC,2/15/2022,4:19 AM,1/21/2021,9:35 AM,13.54,Emirates,703.81
1279,AAD,,1/21/2021,2:06 PM,4/11/2022,11:57 PM,15.29,Emirates,966.11
7021,IUL,,12/7/2022,3:40 PM,4/20/2021,8:51 PM,10.07,British Airways,889.74
2805,NAI,YMP,8/22/2021,8:04 PM,1/2/2022,8:53 AM,19.3,British Airways,
7666,UMD,GDD,6/8/2022,11:23 PM,6/25/2021,6:24 PM,20.43,United,250.82
7462,XGG,AXU,12/23/2022,12:03 PM,2/22/2022,7:37 PM,8.71,Lufthansa,690.19
3510,OPO,LUN,3/21/2022,7:07 AM,5/1/2022,9:20 PM,21.03,Delta,955.32
8531,PAH,GLW,9/2/2021,9:08 PM,11/12/2022,6:52 AM,7.87,,408.44
8850,CBS,HUX,3/27/2021,9:57 AM,,6:57 PM,21.68,Delta,
8261,UTM,,12/6/2021,3:23 PM,10/27/2021,12:42 AM,18.67,JetBlue,835.46
4370,SXJ,BND,11/17/2022,5:19 PM,1/8/2021,2:21 PM,5.83,JetBlue,552.21
6818,AZR,MDI,11/26/2021,,3/8/2022,9:52 PM,10.12,JetBlue,201.36
6165,STB,AEK,6/18/2021,3:50 AM,,4:25 AM,13.67,Southwest,818.74
,BHT,KHS,9/29/2022,6:00 AM,3/9/2021,1:06 PM,,British Airways,705.21
7147,RLG,,9/27/2021,9:35 AM,6/14/2021,5:14 AM,4.16,Qatar Airways,86.77
9666,UBA,TBU,2/20/2022,12:27 PM,2/8/2022,3:17 PM,8.38,United,217.99
4180,SVC,BRS,2/14/2021,12:58 PM,,,11.3,JetBlue,265.07
